model,anonymized_train,anonymized_test,accuracy,precision,recall,f1_score,selected_features,feature_method,num_features
KNN,True,True,0.99769001979934,0.9977046729479335,0.99769001979934,0.9976899916260633,"[1, 2, 3, 8, 10, 18, 20, 22, 23, 25, 41, 45, 46, 47, 64, 68, 70, 75, 76, 77, 78]",extra_trees,2
KNN,True,False,0.9707900405937521,0.9723640819595206,0.9707900405937521,0.9707650592385116,"[1, 2, 3, 8, 10, 18, 20, 22, 23, 24, 25, 27, 41, 45, 46, 47, 64, 68, 69, 70, 75, 76, 77, 78]",extra_trees,2
KNN,False,True,0.983380001796658,0.9839672578645103,0.983380001796658,0.9833736854949353,"[1, 2, 3, 18, 20, 22, 24, 25, 27, 41, 45, 46, 47, 68, 70, 75, 76, 77, 78]",extra_trees,2
KNN,False,False,0.9999499997999921,0.9999500027996202,0.9999499997999921,0.999949999799875,"[1, 2, 3, 19, 20, 22, 25, 45, 46, 47, 64, 67, 68, 70, 75, 76, 77, 78]",extra_trees,2
Random Forest,True,True,1.0,1.0,1.0,1.0,"[1, 2, 3, 8, 10, 18, 19, 22, 23, 25, 27, 41, 45, 46, 47, 53, 55, 68, 70, 75, 76, 77, 78]",extra_trees,2
Random Forest,True,False,0.999760000299949,0.9997601190399857,0.999760000299949,0.9997600002852881,"[1, 2, 3, 10, 20, 22, 23, 24, 25, 41, 45, 46, 47, 55, 63, 64, 68, 70, 75, 76, 77, 78]",extra_trees,2
Random Forest,False,True,1.0,1.0,1.0,1.0,"[1, 2, 3, 10, 12, 20, 22, 24, 25, 41, 45, 46, 54, 64, 67, 68, 70, 75, 76, 77, 78]",extra_trees,2
Random Forest,False,False,0.999990000199996,0.999990000799936,0.999990000199996,0.999990000199987,"[1, 2, 3, 18, 20, 22, 25, 41, 42, 45, 46, 47, 54, 55, 64, 68, 70, 75, 76, 77, 78]",extra_trees,2
GaussianNB,True,True,0.9998700013999601,0.999870055971044,0.9998700013999601,0.9998700013932194,"[1, 2, 3, 10, 19, 22, 24, 25, 41, 45, 46, 47, 53, 63, 68, 70, 75, 76, 77, 78]",extra_trees,2
GaussianNB,True,False,0.999669999699937,0.9996700842460884,0.999669999699937,0.9996699996869953,"[0, 1, 2, 3, 19, 22, 23, 25, 27, 41, 45, 46, 47, 53, 55, 64, 68, 70, 75, 76, 77, 78]",extra_trees,2
GaussianNB,False,True,0.9891899101987359,0.989496733724084,0.9891899101987359,0.9891871244753084,"[1, 2, 3, 8, 19, 20, 22, 24, 25, 41, 45, 46, 47, 63, 64, 68, 70, 75, 76, 77, 78]",extra_trees,2
GaussianNB,False,False,0.999459997599916,0.9994601114913505,0.999459997599916,0.999459997573744,"[1, 2, 3, 18, 20, 22, 23, 25, 27, 41, 42, 45, 46, 47, 54, 56, 64, 67, 68, 70, 75, 76, 77, 78]",extra_trees,2
Mutilayer Perceptron,True,True,0.998529987699829,0.9985316240235083,0.998529987699829,0.9985299844507601,"[1, 2, 3, 20, 22, 23, 24, 25, 27, 32, 41, 42, 45, 46, 47, 64, 68, 70, 75, 76, 77, 78]",extra_trees,2
Mutilayer Perceptron,True,False,0.9884301035966501,0.9887808410925735,0.9884301035966501,0.9884264990076262,"[1, 2, 3, 22, 23, 24, 25, 27, 41, 45, 46, 47, 68, 70, 75, 76, 77, 78]",extra_trees,2
Mutilayer Perceptron,False,True,0.9921599941984901,0.9922461857610537,0.9921599941984901,0.9921596056999648,"[1, 2, 3, 10, 14, 19, 20, 22, 24, 25, 45, 46, 47, 63, 64, 68, 70, 75, 76, 77, 78]",extra_trees,2
Mutilayer Perceptron,False,False,0.999969999999994,0.9999700029996221,0.999969999999994,0.9999699999998769,"[1, 2, 3, 19, 20, 22, 23, 25, 27, 41, 45, 46, 47, 64, 68, 70, 75, 76, 77, 78]",extra_trees,2
AdaBoost,True,True,1.0,1.0,1.0,1.0,"[1, 2, 3, 19, 20, 22, 23, 24, 25, 41, 45, 46, 47, 54, 55, 68, 70, 75, 76, 77, 78]",extra_trees,2
AdaBoost,True,False,0.9997600020999311,0.9997601519808802,0.9997600020999311,0.9997600020712852,"[1, 2, 3, 18, 19, 20, 22, 23, 24, 25, 27, 40, 41, 45, 46, 47, 54, 68, 70, 75, 76, 77, 78]",extra_trees,2
AdaBoost,False,True,0.9803398075979919,0.9810577239745685,0.9803398075979919,0.9803286285934912,"[1, 2, 3, 10, 19, 22, 24, 25, 41, 45, 46, 47, 55, 64, 68, 70, 75, 76, 77, 78]",extra_trees,2
AdaBoost,False,False,0.999990000199996,0.999990000799936,0.999990000199996,0.999990000199987,"[1, 2, 3, 18, 19, 20, 22, 23, 24, 25, 45, 46, 47, 53, 64, 67, 68, 70, 75, 76, 77, 78]",extra_trees,2
Logistic Regression,True,True,0.997189986899569,0.9971966366795728,0.997189986899569,0.9971899751411056,"[1, 2, 3, 12, 20, 22, 23, 24, 25, 45, 46, 47, 55, 64, 67, 68, 70, 75, 76, 77, 78]",extra_trees,2
Logistic Regression,True,False,0.989439966998218,0.9897438752860173,0.989439966998218,0.9894369337012833,"[1, 2, 3, 19, 20, 22, 23, 24, 25, 27, 41, 45, 46, 47, 55, 68, 70, 75, 76, 77, 78]",extra_trees,2
Logistic Regression,False,True,0.9631400903917241,0.9656696313488462,0.9631400903917241,0.9630865987530974,"[1, 2, 3, 19, 22, 23, 24, 25, 27, 45, 46, 47, 64, 67, 68, 70, 75, 76, 77, 78]",extra_trees,2
Logistic Regression,False,False,0.9996799976999591,0.9996802578687684,0.9996799976999591,0.9996799976414662,"[1, 2, 3, 8, 22, 25, 41, 42, 43, 45, 46, 47, 63, 64, 68, 70, 75, 76, 77, 78]",extra_trees,2
KNN,True,True,0.9995700007999059,0.9995705789805056,0.9995700007999059,0.9995700005914187,"[1, 2, 3, 8, 12, 18, 20, 22, 25, 41, 42, 43, 45, 46, 47, 55, 64, 68, 70, 75, 76, 77, 78]",extra_trees,7
KNN,True,False,0.9916599915984161,0.9917875106079608,0.9916599915984161,0.9916593952991407,"[1, 2, 3, 8, 18, 22, 24, 25, 41, 45, 46, 47, 63, 68, 70, 75, 76, 77, 78]",extra_trees,7
KNN,False,True,0.975390034394734,0.9765618672620322,0.975390034394734,0.9753743418630472,"[1, 2, 3, 10, 12, 18, 19, 20, 22, 23, 25, 41, 42, 45, 46, 47, 68, 70, 75, 76, 77]",extra_trees,7
KNN,False,False,0.999980000099995,0.9999800012998931,0.999980000099995,0.9999800000999679,"[1, 2, 3, 8, 10, 19, 20, 22, 42, 45, 46, 47, 54, 63, 68, 70, 75, 76, 77, 78]",extra_trees,7
Random Forest,True,True,0.999990000199996,0.999990000799936,0.999990000199996,0.999990000199987,"[1, 2, 3, 8, 10, 19, 20, 22, 24, 25, 27, 41, 42, 45, 46, 47, 53, 55, 56, 68, 70, 75, 76, 77, 78]",extra_trees,7
Random Forest,True,False,0.999760000299949,0.9997601190399857,0.999760000299949,0.9997600002852881,"[1, 2, 3, 8, 19, 22, 23, 25, 41, 42, 45, 46, 47, 54, 64, 68, 70, 75, 76, 77, 78]",extra_trees,7
Random Forest,False,True,0.999980000099995,0.999980001299929,0.999980000099995,0.999980000099986,"[1, 2, 3, 9, 10, 19, 20, 22, 24, 25, 41, 45, 46, 47, 53, 54, 64, 67, 68, 70, 75, 76, 77, 78]",extra_trees,7
Random Forest,False,False,0.999990000199996,0.999990000799936,0.999990000199996,0.999990000199987,"[1, 2, 3, 8, 10, 12, 22, 23, 24, 25, 41, 42, 45, 46, 47, 55, 68, 70, 75, 76, 77, 78]",extra_trees,7
GaussianNB,True,True,0.9999000010999689,0.9999000358854251,0.9999000010999689,0.9999000010965582,"[1, 2, 3, 18, 19, 20, 22, 23, 25, 42, 45, 46, 47, 55, 67, 68, 70, 75, 76, 77, 78]",extra_trees,7
GaussianNB,True,False,0.999619999199932,0.9996200651572478,0.999619999199932,0.9996199991896186,"[1, 2, 3, 8, 18, 19, 20, 22, 23, 27, 41, 42, 45, 46, 47, 54, 55, 64, 68, 70, 75, 76, 77, 78]",extra_trees,7
GaussianNB,False,True,0.9165400119831881,0.9286018233461758,0.9165400119831881,0.9159297755709502,"[1, 2, 3, 18, 19, 20, 22, 23, 25, 27, 32, 41, 45, 46, 47, 55, 63, 67, 68, 70, 75, 76, 77, 78]",extra_trees,7
GaussianNB,False,False,0.9980499834997749,0.9980570420500898,0.9980499834997749,0.9980499737194726,"[1, 2, 3, 8, 20, 22, 25, 27, 45, 46, 47, 53, 55, 68, 70, 75, 76, 77, 78]",extra_trees,7
Mutilayer Perceptron,True,True,0.9997999997999619,0.9998000561759334,0.9997999997999619,0.999799999794346,"[1, 2, 3, 20, 22, 41, 45, 46, 47, 53, 63, 67, 68, 70, 75, 76, 77, 78]",extra_trees,7
Mutilayer Perceptron,True,False,0.995659964399488,0.9957182105943146,0.995659964399488,0.9956596929927168,"[1, 2, 3, 8, 10, 18, 20, 22, 23, 24, 25, 27, 41, 45, 46, 47, 55, 64, 68, 70, 75, 76, 77, 78]",extra_trees,7
Mutilayer Perceptron,False,True,0.997019980699597,0.997045207018953,0.997019980699597,0.9970198896842102,"[1, 2, 3, 8, 20, 22, 24, 25, 41, 42, 45, 46, 47, 53, 68, 70, 75, 76, 77, 78]",extra_trees,7
Mutilayer Perceptron,False,False,0.999930000799978,0.9999300085978303,0.999930000799978,0.999930000799465,"[1, 2, 3, 8, 18, 20, 22, 23, 24, 25, 27, 41, 45, 46, 47, 64, 68, 70, 75, 76, 77, 78]",extra_trees,7
AdaBoost,True,True,1.0,1.0,1.0,1.0,"[1, 2, 3, 8, 12, 19, 20, 22, 24, 25, 27, 41, 45, 46, 47, 53, 64, 68, 70, 75, 76, 77, 78]",extra_trees,7
AdaBoost,True,False,0.990859908899083,0.9913280414965037,0.990859908899083,0.9908531810151868,"[1, 2, 3, 18, 20, 22, 25, 27, 41, 42, 45, 46, 47, 64, 68, 70, 75, 76, 77, 78]",extra_trees,7
AdaBoost,False,True,0.9817498252980968,0.9827778880407969,0.9817498252980968,0.981730380367419,"[1, 2, 3, 8, 18, 19, 20, 22, 23, 25, 27, 41, 42, 45, 46, 47, 55, 64, 68, 70, 75, 76, 77, 78]",extra_trees,7
AdaBoost,False,False,0.999990000199996,0.999990000799936,0.999990000199996,0.999990000199987,"[1, 2, 3, 19, 20, 22, 23, 25, 27, 41, 42, 45, 46, 47, 53, 56, 68, 70, 75, 76, 77, 78]",extra_trees,7
Logistic Regression,True,True,0.996569988799426,0.9965773501057522,0.996569988799426,0.9965699718200435,"[1, 2, 3, 8, 20, 22, 23, 24, 25, 27, 41, 45, 46, 47, 53, 64, 68, 70, 75, 76, 77, 78]",extra_trees,7
Logistic Regression,True,False,0.9929000057985219,0.9930003577569222,0.9929000057985219,0.9928995528255653,"[1, 2, 3, 8, 10, 12, 18, 20, 22, 25, 41, 45, 46, 47, 55, 64, 68, 70, 75, 76, 77, 78]",extra_trees,7
Logistic Regression,False,True,0.9517701032893212,0.9558541463850201,0.9517701032893212,0.9516516673781917,"[1, 2, 3, 10, 19, 20, 22, 23, 25, 41, 45, 46, 47, 64, 67, 68, 70, 75, 76, 77, 78]",extra_trees,7
Logistic Regression,False,False,0.999969999999994,0.9999700017998862,0.999969999999994,0.9999699999999669,"[1, 2, 3, 10, 18, 19, 20, 22, 23, 24, 25, 41, 42, 45, 46, 47, 55, 64, 67, 68, 70, 75, 76, 77, 78]",extra_trees,7
KNN,True,True,0.9991300053997719,0.999132083805845,0.9991300053997719,0.9991300040622718,"[1, 2, 3, 8, 20, 22, 23, 25, 45, 46, 47, 55, 68, 70, 75, 76, 77, 78]",extra_trees,12
KNN,True,False,0.9732800639940161,0.9746802988981709,0.9732800639940161,0.9732576014683292,"[1, 2, 3, 8, 20, 22, 23, 24, 25, 41, 45, 46, 47, 55, 63, 64, 68, 70, 75, 76, 77, 78]",extra_trees,12
KNN,False,True,0.985970038196812,0.9863734688667175,0.985970038196812,0.9859665513817296,"[1, 2, 3, 20, 22, 24, 25, 27, 32, 41, 42, 45, 46, 47, 53, 54, 56, 64, 68, 70, 75, 76, 77, 78]",extra_trees,12
KNN,False,False,0.999880000899967,0.9998800212920429,0.999880000899967,0.999880000898068,"[1, 2, 3, 19, 20, 22, 24, 25, 41, 45, 46, 47, 53, 55, 64, 68, 70, 75, 76, 77, 78]",extra_trees,12
Random Forest,True,True,1.0,1.0,1.0,1.0,"[1, 2, 3, 10, 22, 23, 24, 25, 27, 41, 45, 46, 47, 64, 68, 70, 75, 76, 77, 78]",extra_trees,12
Random Forest,True,False,0.999820000899955,0.9998200980479807,0.999820000899955,0.9998200008875622,"[1, 2, 3, 8, 20, 22, 25, 27, 41, 45, 46, 47, 64, 68, 70, 75, 76, 77, 78]",extra_trees,12
Random Forest,False,True,0.9990099900999011,0.9990157193584343,0.9990099900999011,0.9990099815424048,"[1, 2, 3, 9, 10, 20, 22, 23, 25, 27, 41, 45, 46, 47, 53, 68, 70, 75, 76, 77, 78]",extra_trees,12
Random Forest,False,False,0.999990000199996,0.999990000799936,0.999990000199996,0.999990000199987,"[1, 2, 3, 8, 10, 12, 19, 20, 22, 23, 24, 25, 27, 45, 46, 47, 53, 68, 70, 75, 76, 77, 78]",extra_trees,12
GaussianNB,True,True,0.9999099993999879,0.9999100203951531,0.9999099993999879,0.9999099993987549,"[1, 2, 3, 8, 10, 19, 20, 22, 24, 41, 45, 46, 47, 53, 55, 68, 70, 75, 76, 77, 78]",extra_trees,12
GaussianNB,True,False,0.9996099990999309,0.9996100644575048,0.9996099990999309,0.9996099990897435,"[1, 2, 3, 8, 12, 19, 20, 22, 23, 24, 27, 41, 45, 46, 47, 64, 67, 68, 70, 75, 76, 77, 78]",extra_trees,12
GaussianNB,False,True,0.98960000999782,0.9898153283017281,0.98960000999782,0.9895987872089685,"[1, 2, 3, 8, 20, 22, 23, 25, 41, 42, 45, 46, 47, 64, 68, 70, 75, 76, 77, 78]",extra_trees,12
GaussianNB,False,False,0.997789980899749,0.997799874119349,0.997789980899749,0.9977899651416692,"[1, 2, 3, 8, 20, 22, 25, 41, 45, 46, 47, 64, 68, 70, 75, 76, 77, 78]",extra_trees,12
Mutilayer Perceptron,True,True,0.997869978999784,0.9978891728057068,0.997869978999784,0.9978699270094976,"[1, 2, 3, 8, 12, 19, 20, 22, 23, 25, 27, 41, 42, 45, 46, 47, 53, 55, 68, 70, 75, 76, 77, 78]",extra_trees,12
Mutilayer Perceptron,True,False,0.9954500252988371,0.9954883572443967,0.9954500252988371,0.9954499080897908,"[1, 2, 3, 8, 10, 20, 22, 24, 25, 27, 45, 46, 47, 54, 64, 67, 68, 70, 75, 76, 77, 78]",extra_trees,12
Mutilayer Perceptron,False,True,0.9954800474986211,0.9954818675318476,0.9954800474986211,0.9954800390159617,"[1, 2, 3, 22, 23, 24, 25, 45, 46, 47, 54, 63, 64, 68, 70, 75, 76, 77, 78]",extra_trees,12
Mutilayer Perceptron,False,False,0.999959999899993,0.9999600034995791,0.999959999899993,0.999959999899858,"[1, 2, 3, 8, 18, 19, 20, 22, 23, 25, 41, 45, 46, 47, 63, 67, 68, 70, 75, 76, 77, 78]",extra_trees,12
AdaBoost,True,True,1.0,1.0,1.0,1.0,"[1, 2, 3, 10, 20, 22, 23, 24, 25, 41, 45, 46, 47, 63, 64, 68, 70, 75, 76, 77, 78]",extra_trees,12
AdaBoost,True,False,0.999700004199898,0.9997000353777024,0.999700004199898,0.9997000041941743,"[1, 2, 3, 8, 10, 20, 22, 23, 25, 42, 45, 46, 47, 53, 54, 55, 63, 68, 70, 75, 76, 77, 78]",extra_trees,12
AdaBoost,False,True,0.986019869798506,0.9865754338031619,0.986019869798506,0.9860132731520169,"[1, 2, 3, 10, 22, 23, 25, 41, 42, 45, 46, 47, 64, 68, 70, 75, 76, 77, 78]",extra_trees,12
AdaBoost,False,False,0.999990000199996,0.999990000799936,0.999990000199996,0.999990000199987,"[1, 2, 3, 10, 12, 20, 22, 24, 25, 32, 41, 45, 46, 47, 64, 67, 68, 70, 75, 76, 77, 78]",extra_trees,12
Logistic Regression,True,True,0.996249967899571,0.9962859616970228,0.996249967899571,0.996249834919567,"[1, 2, 3, 8, 10, 12, 20, 22, 24, 25, 41, 42, 45, 46, 47, 64, 67, 68, 70, 75, 76, 77, 78]",extra_trees,12
Logistic Regression,True,False,0.9935500062986469,0.9936359180188529,0.9935500062986469,0.9935496356378556,"[1, 2, 3, 10, 20, 22, 23, 24, 41, 42, 45, 46, 47, 68, 70, 75, 76, 77, 78]",extra_trees,12
Logistic Regression,False,True,0.990350032797742,0.9903580444068346,0.990350032797742,0.9903499824132109,"[1, 2, 3, 8, 10, 18, 20, 22, 23, 27, 45, 46, 47, 64, 68, 70, 75, 76, 77]",extra_trees,12
Logistic Regression,False,False,0.999970000299991,0.9999700008999849,0.999970000299991,0.999970000299991,"[1, 2, 3, 8, 10, 20, 22, 23, 25, 41, 45, 46, 47, 64, 67, 68, 70, 75, 76, 77, 78]",extra_trees,12
KNN,True,True,0.998590000299715,0.9985962182113769,0.998590000299715,0.9985899928157798,"[1, 2, 3, 12, 20, 22, 24, 25, 45, 46, 47, 68, 70, 75, 76, 77, 78]",extra_trees,17
KNN,True,False,0.9817598949974019,0.9824752655558565,0.9817598949974019,0.9817512188878273,"[1, 2, 3, 8, 14, 19, 22, 24, 25, 32, 41, 45, 46, 47, 54, 55, 68, 70, 75, 76, 77, 78]",extra_trees,17
KNN,False,True,0.983099988496735,0.9837161408127301,0.983099988496735,0.9830930637941054,"[1, 2, 3, 8, 19, 20, 22, 23, 24, 25, 41, 45, 46, 47, 55, 56, 64, 68, 70, 75, 76, 77, 78]",extra_trees,17
KNN,False,False,0.999980000099995,0.9999800012998931,0.999980000099995,0.9999800000999679,"[1, 2, 3, 8, 19, 20, 22, 23, 24, 25, 41, 45, 46, 47, 54, 55, 64, 67, 68, 70, 75, 76, 77, 78]",extra_trees,17
Random Forest,True,True,1.0,1.0,1.0,1.0,"[1, 2, 3, 10, 18, 20, 22, 23, 24, 25, 41, 42, 45, 46, 47, 63, 64, 68, 70, 75, 76, 77, 78]",extra_trees,17
Random Forest,True,False,0.999760000299949,0.9997601190399857,0.999760000299949,0.9997600002852881,"[1, 2, 3, 10, 18, 20, 22, 23, 25, 32, 41, 42, 45, 46, 47, 64, 68, 70, 75, 76, 77, 78]",extra_trees,17
Random Forest,False,True,0.991409914699135,0.9918281024535506,0.991409914699135,0.9914042724141089,"[1, 2, 3, 20, 22, 23, 24, 25, 27, 41, 45, 46, 47, 55, 68, 70, 75, 76, 77, 78]",extra_trees,17
Random Forest,False,False,0.999990000199996,0.999990000799936,0.999990000199996,0.999990000199987,"[1, 2, 3, 8, 10, 19, 22, 24, 25, 41, 42, 45, 46, 47, 55, 63, 64, 67, 68, 70, 75, 76, 77]",extra_trees,17
GaussianNB,True,True,0.9997900014999429,0.9997901196231419,0.9997900014999429,0.9997900014816379,"[1, 2, 3, 10, 19, 20, 22, 23, 25, 45, 46, 47, 53, 55, 67, 68, 70, 75, 76, 77, 78]",extra_trees,17
GaussianNB,True,False,0.999610000299919,0.9996100296759409,0.999610000299919,0.9996100002941232,"[1, 2, 3, 19, 22, 24, 25, 27, 41, 45, 46, 47, 55, 64, 68, 70, 75, 76, 77, 78]",extra_trees,17
GaussianNB,False,True,0.9827699977965761,0.9833661691496923,0.9827699977965761,0.9827642439504393,"[1, 2, 3, 8, 18, 20, 22, 23, 24, 25, 27, 45, 46, 68, 70, 75, 76, 77, 78]",extra_trees,17
GaussianNB,False,False,0.999569998699927,0.9995700592605367,0.999569998699927,0.9995699986905856,"[1, 2, 3, 8, 10, 20, 22, 23, 24, 25, 41, 45, 46, 47, 53, 55, 64, 68, 70, 75, 76, 77, 78]",extra_trees,17
Mutilayer Perceptron,True,True,0.998309989099771,0.9983225794367158,0.998309989099771,0.9983099623383515,"[1, 2, 3, 8, 18, 19, 20, 22, 25, 41, 45, 46, 47, 64, 68, 70, 75, 76, 77, 78]",extra_trees,17
Mutilayer Perceptron,True,False,0.995330023198834,0.9953692652190419,0.995330023198834,0.9953299061446698,"[1, 2, 3, 8, 10, 12, 20, 22, 23, 24, 25, 41, 45, 46, 47, 68, 70, 75, 76, 77, 78]",extra_trees,17
Mutilayer Perceptron,False,True,0.9942300358984869,0.9943014283132219,0.9942300358984869,0.9942297369213313,"[1, 2, 3, 10, 18, 19, 20, 22, 24, 25, 41, 45, 46, 47, 54, 55, 64, 68, 70, 75, 76, 77, 78]",extra_trees,17
Mutilayer Perceptron,False,False,0.9999599998999931,0.9999600010998911,0.9999599998999931,0.999959999899966,"[1, 2, 3, 8, 10, 18, 19, 20, 22, 23, 25, 41, 45, 46, 47, 54, 55, 64, 67, 68, 70, 75, 76, 77, 78]",extra_trees,17
AdaBoost,True,True,0.999989999899999,0.999990000499957,0.999989999899999,0.9999899998999809,"[0, 1, 2, 3, 8, 10, 22, 23, 45, 46, 47, 54, 63, 67, 68, 70, 75, 76, 77, 78]",extra_trees,17
AdaBoost,True,False,0.999870001699957,0.999870064661227,0.999870001699957,0.9998700016908315,"[1, 2, 3, 10, 20, 22, 24, 25, 41, 42, 45, 46, 47, 64, 68, 70, 75, 76, 77, 78]",extra_trees,17
AdaBoost,False,True,0.9879098823987579,0.9884580075059489,0.9879098823987579,0.9879006781026978,"[1, 2, 3, 10, 19, 20, 21, 22, 24, 25, 42, 45, 46, 47, 63, 64, 67, 68, 70, 75, 76, 77, 78]",extra_trees,17
AdaBoost,False,False,0.999980000099995,0.9999800012998931,0.999980000099995,0.9999800000999679,"[1, 2, 3, 8, 10, 22, 24, 25, 32, 41, 42, 45, 46, 47, 55, 68, 70, 75, 76, 77, 78]",extra_trees,17
Logistic Regression,True,True,0.99771000319951,0.997711824913103,0.99771000319951,0.9977100000947274,"[1, 2, 3, 12, 20, 22, 23, 24, 25, 41, 45, 46, 64, 68, 70, 75, 76, 77, 78]",extra_trees,17
Logistic Regression,True,False,0.996510035898943,0.9965407313821211,0.996510035898943,0.9965099326800169,"[1, 2, 3, 10, 20, 22, 25, 41, 45, 46, 47, 55, 64, 68, 70, 75, 76, 77, 78]",extra_trees,17
Logistic Regression,False,True,0.99524998999915,0.9952610360909144,0.99524998999915,0.9952499551220669,"[1, 2, 3, 8, 18, 19, 22, 23, 24, 25, 32, 41, 45, 46, 47, 68, 70, 75, 76, 77, 78]",extra_trees,17
Logistic Regression,False,False,0.9996599971999599,0.9996603148840834,0.9996599971999599,0.9996599971201815,"[1, 2, 3, 8, 20, 22, 23, 24, 25, 27, 41, 45, 46, 47, 55, 68, 70, 75, 76, 77, 78]",extra_trees,17
KNN,True,True,0.999629999299933,0.999630495975922,0.999629999299933,0.9996299991203424,"[1, 2, 3, 8, 19, 20, 22, 24, 25, 41, 42, 45, 46, 47, 55, 64, 68, 70, 75, 76, 77]",extra_trees,22
KNN,True,False,0.982959938797204,0.9835756207860825,0.982959938797204,0.9829526839027111,"[1, 2, 3, 8, 19, 20, 21, 22, 23, 24, 25, 41, 42, 45, 46, 47, 67, 68, 70, 75, 76, 77, 78]",extra_trees,22
KNN,False,True,0.9812299292969531,0.9819660198154274,0.9812299292969531,0.9812208400750606,"[1, 2, 3, 19, 20, 22, 25, 27, 41, 45, 46, 47, 55, 67, 68, 70, 75, 76, 77, 78]",extra_trees,22
KNN,False,False,0.9999499997999921,0.9999500027996202,0.9999499997999921,0.999949999799875,"[1, 2, 3, 8, 20, 22, 23, 24, 25, 27, 41, 45, 46, 47, 67, 68, 70, 75, 76, 77, 78]",extra_trees,22
Random Forest,True,True,1.0,1.0,1.0,1.0,"[1, 2, 3, 8, 18, 19, 20, 22, 23, 24, 25, 41, 45, 46, 47, 55, 68, 70, 75, 76, 77, 78]",extra_trees,22
Random Forest,True,False,0.999760000299949,0.9997601190399857,0.999760000299949,0.9997600002852881,"[1, 2, 3, 18, 20, 22, 23, 24, 25, 27, 32, 41, 45, 46, 47, 53, 54, 64, 67, 68, 70, 75, 76, 77, 78]",extra_trees,22
Random Forest,False,True,0.999740005199896,0.9997404101519599,0.999740005199896,0.9997400050417213,"[1, 2, 3, 8, 10, 20, 22, 24, 25, 27, 41, 46, 47, 64, 67, 68, 70, 75, 76, 77]",extra_trees,22
Random Forest,False,False,0.999990000199996,0.999990000799936,0.999990000199996,0.999990000199987,"[1, 2, 3, 10, 12, 20, 22, 24, 25, 45, 46, 47, 55, 64, 67, 68, 70, 75, 76, 77, 78]",extra_trees,22
GaussianNB,True,True,0.999680006099875,0.999680582206349,0.999680006099875,0.9996800058317538,"[1, 2, 3, 10, 20, 22, 24, 25, 42, 43, 45, 46, 47, 64, 68, 70, 75, 76, 77, 78]",extra_trees,22
GaussianNB,True,False,0.9995200023998801,0.9995200323713943,0.9995200023998801,0.9995200023928962,"[1, 2, 3, 10, 20, 22, 23, 25, 41, 45, 46, 47, 53, 68, 70, 75, 76, 77, 78]",extra_trees,22
GaussianNB,False,True,0.993220048598158,0.9933375381477898,0.993220048598158,0.9932194394768595,"[1, 2, 3, 8, 10, 19, 20, 22, 24, 27, 41, 45, 46, 47, 55, 63, 68, 70, 75, 76, 77, 78]",extra_trees,22
GaussianNB,False,False,0.999319996199902,0.9993203101207982,0.999319996199902,0.9993199960805592,"[1, 2, 3, 8, 10, 18, 19, 20, 22, 23, 24, 25, 27, 41, 42, 45, 46, 47, 55, 68, 70, 75, 76, 77, 78]",extra_trees,22
Mutilayer Perceptron,True,True,0.999539995399954,0.9995404992725416,0.999539995399954,0.9995399950710838,"[1, 2, 3, 10, 19, 20, 22, 23, 24, 25, 26, 27, 45, 46, 47, 55, 64, 68, 70, 75, 76, 77, 78]",extra_trees,22
Mutilayer Perceptron,True,False,0.995589963099487,0.9956495429701633,0.995589963099487,0.9955896852259217,"[1, 2, 3, 8, 19, 20, 22, 23, 24, 25, 41, 42, 45, 46, 47, 55, 64, 67, 68, 70, 75, 76, 77, 78]",extra_trees,22
Mutilayer Perceptron,False,True,0.9960199928992749,0.9960376915572304,0.9960199928992749,0.9960199329077216,"[1, 2, 3, 8, 19, 22, 23, 24, 25, 41, 45, 46, 47, 54, 68, 70, 75, 76, 77, 78]",extra_trees,22
Mutilayer Perceptron,False,False,0.999949999799992,0.9999500063988642,0.999949999799992,0.9999499997996409,"[1, 2, 3, 10, 18, 20, 22, 25, 41, 42, 45, 46, 47, 53, 68, 70, 75, 76, 77, 78]",extra_trees,22
AdaBoost,True,True,1.0,1.0,1.0,1.0,"[1, 2, 3, 12, 20, 22, 23, 25, 27, 41, 45, 46, 47, 68, 70, 75, 76, 77, 78]",extra_trees,22
AdaBoost,True,False,0.9998600027999439,0.9998600243809399,0.9998600027999439,0.9998600027954083,"[1, 2, 3, 10, 12, 18, 20, 22, 25, 40, 41, 45, 46, 47, 53, 63, 64, 68, 70, 75, 76, 77, 78]",extra_trees,22
AdaBoost,False,True,0.959739599195956,0.9608842329607147,0.959739599195956,0.9596914934082944,"[1, 2, 3, 20, 22, 23, 41, 45, 46, 47, 68, 70, 75, 76, 77, 78]",extra_trees,22
AdaBoost,False,False,0.999990000199996,0.999990000799936,0.999990000199996,0.999990000199987,"[1, 2, 3, 8, 19, 20, 22, 23, 41, 45, 46, 47, 53, 56, 63, 68, 70, 75, 76, 77, 78]",extra_trees,22
Logistic Regression,True,True,0.9963700191990821,0.9963821753831842,0.9963700191990821,0.9963699869619208,"[1, 2, 3, 19, 20, 22, 24, 25, 41, 45, 46, 47, 55, 68, 70, 75, 76, 77, 78]",extra_trees,22
Logistic Regression,True,False,0.993260003998612,0.9933489664423879,0.993260003998612,0.9932596266099804,"[1, 2, 3, 8, 18, 19, 20, 22, 23, 25, 32, 41, 45, 46, 47, 54, 55, 64, 68, 70, 75, 76, 77, 78]",extra_trees,22
Logistic Regression,False,True,0.9925299672988329,0.9925934862302436,0.9925299672988329,0.992529666800554,"[1, 2, 3, 10, 19, 20, 22, 25, 32, 41, 45, 46, 47, 53, 55, 64, 68, 70, 75, 76, 77, 78]",extra_trees,22
Logistic Regression,False,False,0.9996699972999611,0.9996702880320535,0.9996699972999611,0.9996699972318831,"[1, 2, 3, 8, 10, 19, 22, 24, 41, 45, 46, 47, 54, 55, 64, 68, 70, 75, 76, 77, 78]",extra_trees,22
KNN,True,True,0.9988300050997151,0.9988329134907833,0.9988300050997151,0.9988300030569613,"[1, 2, 3, 8, 19, 20, 22, 23, 24, 25, 27, 41, 45, 46, 47, 53, 64, 68, 70, 75, 76, 77, 78]",extra_trees,27
KNN,True,False,0.986389963197646,0.9867605735949988,0.986389963197646,0.9863867805920791,"[1, 2, 3, 10, 18, 20, 22, 23, 24, 25, 27, 45, 46, 47, 53, 68, 70, 75, 76, 77, 78]",extra_trees,27
KNN,False,True,0.9774199298961851,0.978444219129167,0.9774199298961851,0.977406324270686,"[1, 2, 3, 8, 10, 18, 19, 20, 22, 23, 24, 25, 45, 46, 47, 64, 68, 70, 75, 76, 77, 78]",extra_trees,27
KNN,False,False,0.999910000899973,0.9999100134958159,0.999910000899973,0.9999100008990011,"[1, 2, 3, 8, 19, 20, 22, 23, 24, 25, 32, 41, 45, 46, 47, 64, 68, 70, 75, 76, 77, 78]",extra_trees,27
Random Forest,True,True,1.0,1.0,1.0,1.0,"[1, 2, 3, 8, 19, 20, 22, 23, 25, 27, 45, 46, 47, 54, 68, 70, 75, 76, 77, 78]",extra_trees,27
Random Forest,True,False,0.999760000299949,0.9997601190399857,0.999760000299949,0.9997600002852881,"[1, 2, 3, 8, 10, 19, 20, 22, 23, 24, 27, 41, 45, 46, 47, 55, 68, 70, 75, 76, 77, 78]",extra_trees,27
Random Forest,False,True,0.999640002399904,0.9996403775799236,0.999640002399904,0.9996400022955073,"[1, 2, 3, 8, 19, 20, 22, 23, 25, 41, 45, 46, 47, 53, 54, 68, 70, 75, 76, 77, 78]",extra_trees,27
Random Forest,False,False,0.999990000199996,0.999990000799936,0.999990000199996,0.999990000199987,"[1, 2, 3, 8, 10, 19, 20, 22, 23, 24, 25, 27, 41, 45, 46, 47, 68, 70, 75, 76, 77, 78]",extra_trees,27
GaussianNB,True,True,0.9987600184995671,0.9987665848750221,0.9987600184995671,0.9987600085970999,"[0, 1, 2, 3, 10, 20, 22, 23, 25, 40, 45, 46, 47, 53, 68, 70, 75, 76, 77, 78]",extra_trees,27
GaussianNB,True,False,0.9996399993999341,0.9996400653579699,0.9996399993999341,0.9996399993899626,"[1, 2, 3, 8, 15, 18, 20, 22, 23, 24, 25, 41, 45, 46, 47, 64, 68, 70, 75, 76, 77, 78]",extra_trees,27
GaussianNB,False,True,0.991819995598408,0.9919601003303568,0.991819995598408,0.9918193374461358,"[1, 2, 3, 12, 19, 20, 22, 23, 25, 41, 45, 46, 47, 53, 55, 64, 67, 68, 70, 75, 76, 77, 78]",extra_trees,27
GaussianNB,False,False,0.9981499844997851,0.9981561498855234,0.9981499844997851,0.998149976438819,"[1, 2, 3, 8, 18, 19, 20, 22, 23, 24, 25, 41, 45, 46, 47, 53, 64, 68, 70, 75, 76, 77, 78]",extra_trees,27
Mutilayer Perceptron,True,True,0.9992100004998369,0.9992108077011738,0.9992100004998369,0.9992099999404754,"[1, 2, 3, 12, 20, 22, 23, 25, 41, 42, 45, 46, 47, 53, 64, 68, 70, 75, 76, 77, 78]",extra_trees,27
Mutilayer Perceptron,True,False,0.9839600573962181,0.9845807908710166,0.9839600573962181,0.9839527717420372,"[1, 2, 3, 8, 10, 19, 20, 22, 25, 27, 42, 45, 46, 47, 55, 64, 68, 70, 75, 76, 77, 78]",extra_trees,27
Mutilayer Perceptron,False,True,0.9844399376975109,0.9847685849434891,0.9844399376975109,0.9844364120137629,"[1, 2, 3, 20, 22, 24, 25, 45, 46, 47, 54, 55, 63, 67, 68, 70, 75, 76, 77, 78]",extra_trees,27
Mutilayer Perceptron,False,False,0.999969999999994,0.9999700017998502,0.999969999999994,0.9999699999999488,"[1, 2, 3, 8, 10, 19, 20, 22, 25, 41, 42, 45, 46, 47, 53, 55, 64, 68, 70, 75, 76, 77, 78]",extra_trees,27
AdaBoost,True,True,1.0,1.0,1.0,1.0,"[1, 2, 3, 19, 20, 22, 23, 24, 25, 41, 45, 46, 47, 64, 68, 70, 75, 76, 77, 78]",extra_trees,27
AdaBoost,True,False,0.9988599942998291,0.9988647438002815,0.9988599942998291,0.9988599878811407,"[1, 2, 3, 8, 10, 14, 22, 23, 24, 25, 41, 42, 45, 46, 47, 53, 64, 68, 70, 75, 76, 77, 78]",extra_trees,27
AdaBoost,False,True,0.99771999039964,0.9977308828359678,0.99771999039964,0.9977199738059724,"[1, 2, 3, 8, 20, 22, 23, 24, 25, 41, 42, 45, 46, 47, 53, 63, 67, 68, 70, 75, 76, 77, 78]",extra_trees,27
AdaBoost,False,False,0.999990000199996,0.999990000799936,0.999990000199996,0.999990000199987,"[1, 2, 3, 20, 22, 23, 24, 25, 41, 45, 46, 47, 63, 64, 68, 70, 75, 76, 77, 78]",extra_trees,27
Logistic Regression,True,True,0.9976600197993339,0.9976732889061051,0.9976600197993339,0.9976599925815491,"[1, 2, 3, 8, 10, 12, 18, 19, 22, 23, 24, 25, 27, 41, 45, 46, 47, 68, 70, 75, 76, 77, 78]",extra_trees,27
Logistic Regression,True,False,0.993530006098645,0.9936163629924897,0.993530006098645,0.9935296326692192,"[1, 2, 3, 8, 10, 18, 20, 22, 25, 41, 42, 45, 46, 47, 53, 67, 68, 70, 75, 76, 77, 78]",extra_trees,27
Logistic Regression,False,True,0.993179971698919,0.9931948641693084,0.993179971698919,0.9931798976329661,"[1, 2, 3, 8, 10, 18, 20, 22, 23, 25, 27, 41, 45, 46, 47, 55, 64, 68, 70, 75, 76, 77, 78]",extra_trees,27
Logistic Regression,False,False,0.999970000599988,0.999970001199856,0.999970000599988,0.9999700005999609,"[1, 2, 3, 20, 22, 25, 27, 41, 45, 46, 47, 53, 55, 64, 68, 70, 75, 76, 77, 78]",extra_trees,27
KNN,True,True,0.999119997199852,0.9991229202521636,0.999119997199852,0.9991199944612817,"[1, 2, 3, 8, 10, 20, 22, 23, 24, 25, 41, 45, 46, 47, 64, 68, 70, 75, 76, 77, 78]",extra_trees,32
KNN,True,False,0.97012994459458,0.9717912475757847,0.97012994459458,0.9701024330051192,"[1, 2, 3, 8, 12, 19, 20, 22, 23, 25, 27, 41, 42, 45, 46, 47, 55, 63, 64, 68, 70, 75, 76, 77, 78]",extra_trees,32
KNN,False,True,0.99248998279867,0.9926037903442677,0.99248998279867,0.9924893923823556,"[1, 2, 3, 8, 14, 20, 22, 24, 25, 41, 45, 46, 64, 67, 68, 70, 75, 76, 77, 78]",extra_trees,32
KNN,False,False,0.9999499997999921,0.9999500051994521,0.9999499997999921,0.999949999799839,"[1, 2, 3, 10, 12, 14, 18, 19, 20, 22, 23, 24, 45, 46, 47, 64, 68, 70, 75, 76, 77, 78]",extra_trees,32
Random Forest,True,True,1.0,1.0,1.0,1.0,"[1, 2, 3, 10, 19, 20, 22, 23, 24, 25, 41, 45, 46, 47, 64, 68, 70, 75, 76, 77, 78]",extra_trees,32
Random Forest,True,False,0.9997100027999141,0.999710052575362,0.9997100027999141,0.9997100027938929,"[1, 2, 3, 10, 12, 19, 20, 22, 24, 25, 45, 46, 47, 53, 68, 70, 75, 76, 77, 78]",extra_trees,32
Random Forest,False,True,0.99873002359951,0.9987387565332725,0.99873002359951,0.9987300076556674,"[1, 2, 3, 19, 20, 22, 23, 24, 25, 27, 41, 42, 45, 46, 47, 54, 55, 64, 68, 70, 75, 76, 77, 78]",extra_trees,32
Random Forest,False,False,0.999990000199996,0.999990000799936,0.999990000199996,0.999990000199987,"[1, 2, 3, 20, 22, 23, 24, 27, 41, 42, 45, 46, 47, 64, 68, 70, 75, 76, 77, 78]",extra_trees,32
GaussianNB,True,True,0.9946300932979931,0.9947711973778807,0.9946300932979931,0.9946290335421097,"[1, 2, 3, 8, 10, 20, 22, 23, 24, 25, 41, 42, 45, 46, 47, 53, 64, 68, 69, 70, 75, 76, 77, 78]",extra_trees,32
GaussianNB,True,False,0.999520001199892,0.9995200071955481,0.999520001199892,0.9995200011987041,"[1, 2, 3, 8, 20, 22, 24, 41, 45, 46, 47, 53, 64, 68, 70, 75, 76, 77, 78]",extra_trees,32
GaussianNB,False,True,0.9932500536981129,0.9933668767540832,0.9932500536981129,0.9932494167088493,"[1, 2, 3, 10, 18, 20, 22, 24, 25, 27, 41, 45, 46, 47, 55, 63, 64, 68, 70, 75, 76, 77, 78]",extra_trees,32
GaussianNB,False,False,0.999319996199902,0.999320301701872,0.999319996199902,0.9993199960767251,"[1, 2, 3, 8, 22, 23, 25, 41, 42, 45, 46, 47, 55, 64, 67, 70, 75, 76, 77, 78]",extra_trees,32
Mutilayer Perceptron,True,True,0.999599997199948,0.9996003184771901,0.999599997199948,0.9995999971203137,"[1, 2, 3, 8, 10, 19, 20, 22, 24, 25, 41, 42, 45, 46, 47, 67, 68, 70, 75, 76, 77, 78]",extra_trees,32
Mutilayer Perceptron,True,False,0.9882101013966281,0.9885632270162447,0.9882101013966281,0.9882064923108532,"[1, 2, 3, 8, 12, 20, 22, 24, 25, 41, 45, 46, 47, 54, 64, 68, 70, 75, 76, 77, 78]",extra_trees,32
Mutilayer Perceptron,False,True,0.9916899927984101,0.9917794396381062,0.9916899927984101,0.9916896070882365,"[1, 2, 3, 20, 22, 23, 24, 25, 41, 45, 46, 47, 54, 64, 68, 70, 75, 76, 77, 78]",extra_trees,32
Mutilayer Perceptron,False,False,0.999959999899993,0.9999600058989072,0.999959999899993,0.9999599998996599,"[1, 2, 3, 8, 19, 20, 22, 23, 25, 45, 46, 47, 55, 63, 68, 70, 75, 76, 77, 78]",extra_trees,32
AdaBoost,True,True,0.9993199931999319,0.9993227562989703,0.9993199931999319,0.9993199903283295,"[1, 2, 3, 10, 20, 22, 23, 24, 41, 42, 45, 46, 47, 53, 54, 64, 68, 70, 75, 76, 77, 78]",extra_trees,32
AdaBoost,True,False,0.9846598525984062,0.9859110911042368,0.9846598525984062,0.9846289041803002,"[1, 2, 3, 20, 22, 23, 24, 25, 41, 42, 45, 46, 47, 68, 70, 75, 76, 77, 78]",extra_trees,32
AdaBoost,False,True,0.970499710396996,0.9708209657452636,0.970499710396996,0.9704954249218374,"[1, 2, 3, 8, 10, 11, 18, 19, 20, 22, 25, 27, 41, 45, 46, 47, 54, 55, 68, 70, 75, 76, 77, 78]",extra_trees,32
AdaBoost,False,False,0.999990000199996,0.999990000799936,0.999990000199996,0.999990000199987,"[1, 2, 3, 8, 20, 22, 23, 24, 25, 27, 41, 45, 46, 47, 54, 68, 70, 75, 76, 77, 78]",extra_trees,32
Logistic Regression,True,True,0.9943299714991509,0.9943826822799863,0.9943299714991509,0.9943297758544105,"[1, 2, 3, 8, 10, 18, 20, 22, 23, 24, 25, 41, 45, 46, 47, 53, 64, 68, 70, 75, 76, 77, 78]",extra_trees,32
Logistic Regression,True,False,0.993209935099291,0.9933856158582696,0.993209935099291,0.9932084500447035,"[1, 2, 3, 10, 18, 20, 22, 23, 25, 41, 45, 46, 47, 56, 64, 67, 68, 70, 75, 76, 77, 78]",extra_trees,32
Logistic Regression,False,True,0.9954299938991471,0.9954339256408976,0.9954299938991471,0.9954299836244483,"[1, 2, 3, 10, 18, 19, 20, 22, 25, 41, 42, 43, 45, 46, 47, 68, 70, 75, 76, 77, 78]",extra_trees,32
Logistic Regression,False,False,0.9996699972999611,0.9996702880320535,0.9996699972999611,0.9996699972318831,"[1, 2, 3, 18, 19, 20, 22, 24, 25, 42, 45, 46, 47, 54, 64, 68, 70, 75, 76, 77, 78]",extra_trees,32
KNN,True,True,0.9984200006996771,0.9984251137391057,0.9984200006996771,0.9984199964565234,"[1, 2, 3, 18, 20, 22, 23, 24, 25, 41, 45, 46, 47, 64, 68, 70, 75, 76, 77, 78]",extra_trees,37
KNN,True,False,0.983009903597566,0.9836270625751351,0.983009903597566,0.983003002587059,"[1, 2, 3, 19, 20, 22, 23, 25, 41, 45, 46, 47, 63, 68, 70, 75, 76, 77, 78]",extra_trees,37
KNN,False,True,0.9790800589952261,0.9798715386967416,0.9790800589952261,0.9790705909470319,"[1, 2, 3, 8, 18, 20, 22, 25, 27, 41, 45, 46, 47, 64, 68, 70, 75, 76, 77, 78]",extra_trees,37
KNN,False,False,0.9999299995999901,0.9999300157952394,0.9999299995999901,0.999929999598613,"[0, 1, 2, 3, 20, 22, 23, 24, 25, 41, 42, 45, 46, 47, 53, 55, 63, 67, 68, 70, 75, 76, 77, 78]",extra_trees,37
Random Forest,True,True,1.0,1.0,1.0,1.0,"[1, 2, 3, 18, 20, 22, 23, 24, 41, 45, 46, 47, 54, 63, 64, 68, 70, 75, 76, 77, 78]",extra_trees,37
Random Forest,True,False,0.999760000299949,0.9997601190399857,0.999760000299949,0.9997600002852881,"[1, 2, 3, 10, 19, 20, 22, 23, 24, 41, 45, 46, 47, 55, 64, 68, 70, 75, 76, 77, 78]",extra_trees,37
Random Forest,False,True,0.999930000799978,0.9999300181945676,0.999930000799978,0.9999300007987451,"[1, 2, 3, 8, 19, 20, 22, 23, 25, 27, 41, 42, 43, 45, 46, 47, 54, 64, 68, 70, 75, 76, 77, 78]",extra_trees,37
Random Forest,False,False,0.999990000199996,0.999990000799936,0.999990000199996,0.999990000199987,"[1, 2, 3, 8, 10, 19, 20, 22, 23, 25, 27, 40, 41, 42, 45, 46, 47, 55, 67, 68, 70, 75, 76, 77, 78]",extra_trees,37
GaussianNB,True,True,0.999940000299985,0.9999400110977713,0.999940000299985,0.999940000299418,"[1, 2, 3, 20, 22, 24, 25, 32, 41, 45, 46, 47, 53, 64, 67, 68, 70, 75, 76, 77, 78]",extra_trees,37
GaussianNB,True,False,0.99969999999994,0.999700089944706,0.99969999999994,0.9996999999867104,"[1, 2, 3, 8, 10, 18, 20, 22, 23, 25, 41, 45, 46, 47, 54, 55, 64, 68, 70, 75, 76, 77, 78]",extra_trees,37
GaussianNB,False,True,0.986789989097467,0.9871347739214075,0.986789989097467,0.986787579284163,"[1, 2, 3, 8, 18, 19, 20, 22, 23, 25, 41, 45, 46, 47, 64, 68, 70, 75, 76, 77, 78]",extra_trees,37
GaussianNB,False,False,0.9981199841997821,0.9981264157863614,0.9981199841997821,0.9981199756372447,"[1, 2, 3, 19, 20, 22, 23, 25, 27, 41, 45, 46, 47, 53, 56, 64, 68, 70, 75, 76, 77, 78]",extra_trees,37
Mutilayer Perceptron,True,True,0.998099987599744,0.9981131868723055,0.998099987599744,0.9980999569914127,"[1, 2, 3, 10, 19, 20, 22, 23, 25, 41, 45, 46, 47, 53, 55, 64, 67, 68, 70, 75, 76, 77, 78]",extra_trees,37
Mutilayer Perceptron,True,False,0.995420024998834,0.995458729224375,0.995420024998834,0.9954199067974372,"[1, 2, 3, 8, 22, 23, 25, 41, 45, 46, 47, 53, 55, 56, 64, 68, 70, 75, 76, 77, 78]",extra_trees,37
Mutilayer Perceptron,False,True,0.985530033496771,0.9859378907752067,0.985530033496771,0.9855263868274454,"[1, 2, 3, 19, 20, 22, 25, 27, 40, 41, 45, 46, 47, 54, 55, 64, 67, 68, 70, 75, 76, 77, 78]",extra_trees,37
Mutilayer Perceptron,False,False,0.999980000099995,0.9999800012998931,0.999980000099995,0.9999800000999679,"[1, 2, 3, 10, 14, 19, 20, 22, 24, 25, 43, 45, 46, 47, 68, 70, 75, 76, 77, 78]",extra_trees,37
AdaBoost,True,True,1.0,1.0,1.0,1.0,"[1, 2, 3, 19, 20, 22, 23, 24, 25, 27, 41, 45, 46, 47, 64, 68, 70, 75, 76, 77, 78]",extra_trees,37
AdaBoost,True,False,0.998299991699743,0.9983082089596235,0.998299991699743,0.9982999749013318,"[1, 2, 3, 10, 12, 22, 23, 24, 25, 27, 42, 45, 46, 47, 64, 68, 70, 75, 76, 77, 78]",extra_trees,37
AdaBoost,False,True,0.984449857398316,0.9850079685982299,0.984449857398316,0.9844419361612599,"[1, 2, 3, 8, 10, 12, 22, 23, 24, 41, 42, 45, 46, 47, 64, 68, 70, 75, 76, 77, 78]",extra_trees,37
AdaBoost,False,False,0.999990000199996,0.999990000799936,0.999990000199996,0.999990000199987,"[1, 2, 3, 10, 18, 19, 20, 22, 25, 41, 43, 45, 46, 47, 54, 68, 70, 75, 76, 77, 78]",extra_trees,37
Logistic Regression,True,True,0.9952799716993391,0.995331060088076,0.9952799716993391,0.9952797317001002,"[1, 2, 3, 8, 10, 12, 20, 22, 25, 27, 41, 45, 46, 47, 54, 68, 70, 75, 76, 77, 78]",extra_trees,37
Logistic Regression,True,False,0.995630027098855,0.9956665326693585,0.995630027098855,0.9956299141676012,"[1, 2, 3, 8, 10, 12, 18, 19, 20, 22, 23, 25, 41, 45, 46, 47, 53, 67, 68, 70, 75, 76, 77, 78]",extra_trees,37
Logistic Regression,False,True,0.9599799822921731,0.962836600677336,0.9599799822921731,0.9599178430765919,"[1, 2, 3, 8, 10, 20, 22, 25, 27, 40, 41, 42, 45, 46, 47, 55, 67, 68, 70, 75, 76, 77, 78]",extra_trees,37
Logistic Regression,False,False,0.999969999999994,0.9999700017998502,0.999969999999994,0.9999699999999488,"[1, 2, 3, 18, 20, 22, 23, 24, 25, 41, 42, 45, 46, 47, 53, 63, 64, 67, 68, 70, 75, 76, 77, 78]",extra_trees,37
KNN,True,True,0.999509999599906,0.9995107931271483,0.999509999599906,0.9995099992337497,"[1, 2, 3, 8, 10, 12, 18, 20, 22, 23, 24, 41, 45, 46, 47, 68, 70, 75, 76, 77]",extra_trees,42
KNN,True,False,0.9811500562956671,0.9818288726511346,0.9811500562956671,0.9811427302127842,"[1, 2, 3, 10, 22, 23, 24, 25, 27, 41, 45, 46, 47, 64, 68, 70, 75, 76, 77, 78]",extra_trees,42
KNN,False,True,0.9853899834972429,0.9858663371197952,0.9853899834972429,0.985385288015992,"[1, 2, 3, 8, 10, 18, 22, 25, 41, 45, 46, 47, 53, 54, 55, 68, 70, 75, 76, 77, 78]",extra_trees,42
KNN,False,False,0.999949999799992,0.9999500099975327,0.999949999799992,0.9999499997992629,"[1, 2, 3, 8, 10, 19, 20, 22, 23, 24, 25, 41, 45, 46, 47, 63, 64, 68, 70, 75, 76, 77, 78]",extra_trees,42
Random Forest,True,True,0.999849998499985,0.9998501333772479,0.999849998499985,0.999849998467584,"[1, 2, 3, 20, 22, 25, 41, 45, 46, 53, 55, 64, 67, 68, 70, 75, 76, 77, 78]",extra_trees,42
Random Forest,True,False,0.9997500001999481,0.9997501267353374,0.9997500001999481,0.999750000184027,"[1, 2, 3, 18, 20, 22, 24, 25, 27, 41, 45, 46, 47, 53, 55, 67, 68, 70, 75, 76, 77, 78]",extra_trees,42
Random Forest,False,True,0.9999499994999951,0.9999500096981294,0.9999499994999951,0.9999499994995449,"[1, 2, 3, 8, 10, 19, 20, 22, 23, 25, 27, 41, 42, 45, 46, 47, 53, 64, 67, 68, 70, 75, 76, 77, 78]",extra_trees,42
Random Forest,False,False,0.999990000199996,0.999990000799936,0.999990000199996,0.999990000199987,"[1, 2, 3, 12, 19, 20, 22, 23, 24, 25, 41, 45, 46, 47, 55, 67, 68, 70, 75, 76, 77, 78]",extra_trees,42
GaussianNB,True,True,0.999750000799942,0.9997501752691086,0.999750000799942,0.9997500007666691,"[0, 1, 2, 3, 8, 18, 22, 23, 24, 25, 32, 45, 46, 53, 55, 67, 68, 70, 75, 76, 77, 78]",extra_trees,42
GaussianNB,True,False,0.99969999999994,0.999700104335529,0.99969999999994,0.9996999999843524,"[1, 2, 3, 8, 10, 18, 19, 20, 22, 24, 25, 27, 40, 41, 45, 46, 47, 55, 67, 68, 70, 75, 76, 77, 78]",extra_trees,42
GaussianNB,False,True,0.984860027696695,0.9853138938390589,0.984860027696695,0.984856334883335,"[1, 2, 3, 8, 18, 19, 20, 22, 23, 27, 41, 45, 46, 47, 55, 67, 68, 70, 75, 76, 77, 78]",extra_trees,42
GaussianNB,False,False,0.998109984099781,0.9981164996600479,0.998109984099781,0.9981099753787657,"[1, 2, 3, 8, 19, 22, 23, 25, 27, 45, 46, 47, 53, 54, 64, 68, 70, 75, 76, 77, 78]",extra_trees,42
Mutilayer Perceptron,True,True,0.999690002899909,0.9996900322712876,0.999690002899909,0.9996900028929613,"[1, 2, 3, 19, 20, 22, 25, 27, 45, 46, 47, 68, 70, 75, 76, 77, 78]",extra_trees,42
Mutilayer Perceptron,True,False,0.9934499422992671,0.9936073897449514,0.9934499422992671,0.9934486753693884,"[1, 2, 3, 8, 10, 18, 20, 22, 23, 24, 25, 41, 45, 46, 47, 53, 55, 68, 70, 75, 76, 77, 78]",extra_trees,42
Mutilayer Perceptron,False,True,0.9934100405982761,0.9934667131564684,0.9934100405982761,0.9934098125963743,"[1, 2, 3, 6, 10, 18, 19, 20, 22, 24, 25, 27, 41, 45, 46, 54, 68, 70, 75, 76, 77]",extra_trees,42
Mutilayer Perceptron,False,False,0.999959999899993,0.9999600058989072,0.999959999899993,0.9999599998996599,"[1, 2, 3, 8, 19, 20, 22, 23, 24, 25, 41, 42, 45, 46, 47, 68, 70, 75, 76, 77, 78]",extra_trees,42
AdaBoost,True,True,1.0,1.0,1.0,1.0,"[1, 2, 3, 8, 18, 20, 22, 23, 24, 25, 27, 32, 41, 45, 46, 47, 64, 67, 68, 70, 75, 76, 77, 78]",extra_trees,42
AdaBoost,True,False,0.9998400013999541,0.9998400829535887,0.9998400013999541,0.9998400013886865,"[1, 2, 3, 22, 23, 24, 25, 27, 41, 42, 45, 46, 47, 53, 54, 55, 64, 68, 70, 75, 76, 77, 78]",extra_trees,42
AdaBoost,False,True,0.9922099463989781,0.9923101567718368,0.9922099463989781,0.9922093983467101,"[1, 2, 3, 8, 12, 19, 20, 22, 23, 24, 25, 41, 45, 46, 47, 64, 67, 68, 70, 75, 76, 77, 78]",extra_trees,42
AdaBoost,False,False,0.999980000099995,0.9999800012998931,0.999980000099995,0.9999800000999679,"[1, 2, 3, 8, 20, 22, 23, 24, 25, 41, 45, 46, 47, 55, 68, 70, 75, 76, 77, 78]",extra_trees,42
Logistic Regression,True,True,0.997159978499647,0.9971713135424475,0.997159978499647,0.9971599516088796,"[1, 2, 3, 8, 20, 22, 23, 24, 25, 27, 42, 45, 46, 47, 68, 70, 75, 76, 77, 78]",extra_trees,42
Logistic Regression,True,False,0.9895699664982489,0.9898000518304815,0.9895699664982489,0.9895682744913575,"[1, 2, 3, 10, 19, 20, 22, 23, 24, 25, 27, 41, 42, 45, 46, 47, 55, 63, 67, 68, 70, 75, 76, 77, 78]",extra_trees,42
Logistic Regression,False,True,0.9566701024903091,0.9601666143762119,0.9566701024903091,0.9565756195551477,"[1, 2, 3, 10, 19, 20, 22, 24, 25, 27, 41, 45, 46, 47, 67, 68, 70, 75, 76, 77, 78]",extra_trees,42
Logistic Regression,False,False,0.9996699975999581,0.9996702727517507,0.9996699975999581,0.9996699975370191,"[1, 2, 3, 12, 19, 20, 22, 25, 42, 45, 46, 47, 55, 64, 68, 70, 75, 76, 77, 78]",extra_trees,42
KNN,True,True,0.999030013099675,0.9990336815944504,0.999030013099675,0.9990300090905158,"[1, 2, 3, 20, 22, 24, 25, 27, 41, 45, 46, 47, 55, 68, 70, 75, 76, 77, 78]",extra_trees,47
KNN,True,False,0.979230034995496,0.9800308555252847,0.979230034995496,0.979221075447267,"[1, 2, 3, 8, 19, 20, 22, 41, 45, 46, 47, 53, 55, 68, 70, 75, 76, 77, 78]",extra_trees,47
KNN,False,True,0.97854997899592,0.9794345222759026,0.97854997899592,0.9785399850091533,"[1, 2, 3, 12, 19, 20, 22, 23, 24, 25, 41, 42, 45, 46, 47, 53, 54, 68, 70, 75, 76, 77, 78]",extra_trees,47
KNN,False,False,0.999939999699991,0.9999400032995771,0.999939999699991,0.999939999699874,"[0, 1, 2, 3, 8, 18, 20, 22, 23, 25, 41, 45, 46, 47, 64, 67, 68, 70, 75, 76, 77, 78]",extra_trees,47
Random Forest,True,True,1.0,1.0,1.0,1.0,"[1, 2, 3, 10, 18, 20, 22, 24, 25, 41, 45, 46, 47, 55, 68, 70, 75, 76, 77, 78]",extra_trees,47
Random Forest,True,False,0.999760000299949,0.9997601190399857,0.999760000299949,0.9997600002852881,"[1, 2, 3, 10, 18, 20, 22, 23, 25, 27, 41, 45, 46, 47, 55, 64, 68, 70, 75, 76, 77, 78]",extra_trees,47
Random Forest,False,True,0.9907299072990731,0.9911982840525436,0.9907299072990731,0.9907231941829102,"[1, 2, 3, 20, 22, 24, 41, 43, 45, 46, 47, 55, 68, 70, 75, 76, 77, 78]",extra_trees,47
Random Forest,False,False,0.999990000199996,0.999990000799936,0.999990000199996,0.999990000199987,"[1, 2, 3, 8, 10, 18, 19, 20, 22, 24, 25, 41, 45, 46, 47, 53, 55, 68, 70, 75, 76, 77, 78]",extra_trees,47
GaussianNB,True,True,0.9999099999999821,0.9999100269921004,0.9999099999999821,0.9999099999981188,"[1, 2, 3, 8, 12, 18, 19, 22, 23, 24, 25, 41, 45, 46, 47, 55, 64, 68, 70, 75, 76, 77, 78]",extra_trees,47
GaussianNB,True,False,0.9996399993999341,0.9996400653579699,0.9996399993999341,0.9996399993899626,"[1, 2, 3, 10, 18, 19, 22, 23, 24, 25, 27, 41, 45, 46, 47, 63, 64, 68, 70, 75, 76, 77, 78]",extra_trees,47
GaussianNB,False,True,0.9882899650980069,0.988571737010489,0.9882899650980069,0.9882881025617732,"[1, 2, 3, 10, 18, 19, 20, 22, 23, 24, 25, 42, 45, 46, 47, 53, 68, 70, 75, 76, 77, 78]",extra_trees,47
GaussianNB,False,False,0.997779980799748,0.9977899911006132,0.997779980799748,0.9977799647602975,"[1, 2, 3, 8, 20, 22, 25, 27, 41, 45, 46, 47, 64, 68, 70, 75, 76, 77, 78]",extra_trees,47
Mutilayer Perceptron,True,True,0.9992599985998659,0.9992604596611517,0.9992599985998659,0.9992599983707254,"[1, 2, 3, 8, 12, 19, 20, 22, 23, 24, 27, 41, 45, 46, 47, 55, 64, 68, 70, 75, 76, 77, 78]",extra_trees,47
Mutilayer Perceptron,True,False,0.9934500043986461,0.9935382297951594,0.9934500043986461,0.9934496180667213,"[1, 2, 3, 19, 20, 22, 23, 25, 41, 45, 46, 47, 53, 55, 64, 68, 70, 75, 76, 77, 78]",extra_trees,47
Mutilayer Perceptron,False,True,0.9926300024985011,0.9927122904917489,0.9926300024985011,0.9926295448017406,"[1, 2, 3, 18, 19, 20, 22, 23, 25, 41, 45, 46, 47, 53, 55, 64, 68, 70, 75, 76, 77, 78]",extra_trees,47
Mutilayer Perceptron,False,False,0.9999299995999898,0.999930004999234,0.9999299995999898,0.999929999599801,"[1, 2, 3, 10, 12, 20, 22, 23, 25, 27, 41, 42, 45, 46, 47, 53, 64, 67, 68, 70, 75, 76, 77, 78]",extra_trees,47
AdaBoost,True,True,1.0,1.0,1.0,1.0,"[1, 2, 3, 19, 20, 22, 23, 24, 25, 27, 41, 45, 46, 47, 64, 68, 70, 75, 76, 77, 78]",extra_trees,47
AdaBoost,True,False,0.999889999199986,0.9998900381791013,0.999889999199986,0.9998899991949367,"[1, 2, 3, 8, 10, 19, 20, 22, 23, 24, 25, 41, 45, 46, 47, 54, 68, 70, 75, 76, 77, 78]",extra_trees,47
AdaBoost,False,True,0.9805398056980509,0.9811883717949687,0.9805398056980509,0.980523456862804,"[1, 2, 3, 8, 19, 20, 22, 45, 46, 47, 64, 68, 70, 75, 76, 77, 78]",extra_trees,47
AdaBoost,False,False,0.999990000199996,0.999990000799936,0.999990000199996,0.999990000199987,"[1, 2, 3, 10, 20, 22, 24, 27, 41, 45, 46, 47, 67, 68, 70, 75, 76, 77, 78]",extra_trees,47
Logistic Regression,True,True,0.997829992999636,0.9978314951528886,0.997829992999636,0.9978299901087523,"[1, 2, 3, 8, 19, 20, 22, 25, 41, 45, 46, 47, 54, 55, 68, 70, 75, 76, 77, 78]",extra_trees,47
Logistic Regression,True,False,0.9892701128967251,0.9896185368774142,0.9892701128967251,0.989266474101302,"[1, 2, 3, 8, 10, 20, 22, 23, 24, 25, 41, 43, 45, 46, 47, 67, 68, 70, 75, 76, 77, 78]",extra_trees,47
Logistic Regression,False,True,0.991549997698333,0.9915597783067301,0.991549997698333,0.9915499591946176,"[1, 2, 3, 19, 20, 22, 23, 24, 25, 27, 41, 45, 46, 47, 55, 68, 70, 75, 76, 77, 78]",extra_trees,47
Logistic Regression,False,False,0.999959999899993,0.9999600058989072,0.999959999899993,0.9999599998996599,"[1, 2, 3, 19, 20, 22, 24, 27, 45, 46, 47, 53, 54, 68, 70, 75, 76, 77, 78]",extra_trees,47
KNN,True,True,0.999690002899909,0.9996902935785577,0.999690002899909,0.9996900028219731,"[1, 2, 3, 8, 10, 19, 20, 22, 24, 25, 41, 45, 46, 47, 64, 68, 70, 75, 76, 77, 78]",extra_trees,52
KNN,True,False,0.9792500135957142,0.9800421563341571,0.9792500135957142,0.9792413430897403,"[1, 2, 3, 10, 19, 22, 23, 24, 25, 41, 45, 46, 47, 68, 70, 75, 76, 77, 78]",extra_trees,52
KNN,False,True,0.9896299652982731,0.9898704577934354,0.9896299652982731,0.9896282233375465,"[1, 2, 3, 20, 22, 23, 24, 25, 27, 41, 42, 45, 46, 47, 54, 63, 64, 68, 70, 75, 76, 77, 78]",extra_trees,52
KNN,False,False,0.9999499997999921,0.9999500051994521,0.9999499997999921,0.999949999799839,"[1, 2, 3, 10, 18, 19, 20, 22, 23, 24, 25, 27, 45, 46, 47, 64, 68, 70, 75, 76, 77, 78]",extra_trees,52
Random Forest,True,True,0.999990000199996,0.999990000799936,0.999990000199996,0.999990000199987,"[1, 2, 3, 14, 19, 22, 25, 41, 45, 46, 47, 53, 55, 68, 70, 75, 76, 77, 78]",extra_trees,52
Random Forest,True,False,0.999760000299949,0.9997601190399857,0.999760000299949,0.9997600002852881,"[1, 2, 3, 9, 18, 19, 20, 22, 23, 24, 25, 27, 41, 45, 46, 47, 64, 68, 70, 75, 76, 77, 78]",extra_trees,52
Random Forest,False,True,0.9999300010999751,0.9999300232913323,0.9999300010999751,0.9999300010980311,"[1, 2, 3, 8, 18, 19, 20, 22, 23, 24, 25, 41, 42, 45, 46, 47, 64, 68, 70, 75, 76, 77, 78]",extra_trees,52
Random Forest,False,False,0.999990000199996,0.999990000799936,0.999990000199996,0.999990000199987,"[1, 2, 3, 8, 20, 22, 23, 24, 25, 41, 42, 45, 46, 47, 66, 68, 70, 75, 76, 77, 78]",extra_trees,52
GaussianNB,True,True,0.999939999699991,0.999940015296182,0.999939999699991,0.9999399996990818,"[1, 2, 3, 8, 10, 12, 22, 24, 25, 41, 45, 46, 47, 64, 67, 68, 70, 75, 76, 77]",extra_trees,52
GaussianNB,True,False,0.999629999299933,0.9996300670558268,0.999629999299933,0.9996299992894576,"[1, 2, 3, 10, 18, 19, 22, 23, 24, 25, 27, 41, 45, 46, 47, 64, 67, 68, 70, 75, 76, 77, 78]",extra_trees,52
GaussianNB,False,True,0.994559972299189,0.9946271146059539,0.994559972299189,0.9945597415465931,"[1, 2, 3, 10, 12, 18, 20, 22, 23, 25, 27, 41, 43, 45, 46, 47, 55, 68, 70, 75, 76, 77, 78]",extra_trees,52
GaussianNB,False,False,0.999750000499945,0.9997501306297777,0.999750000499945,0.9997500004828453,"[1, 2, 3, 8, 20, 22, 24, 25, 43, 45, 46, 64, 68, 70, 75, 76, 77, 78]",extra_trees,52
Mutilayer Perceptron,True,True,0.999529995899947,0.999531210088355,0.999529995899947,0.9995299950979494,"[1, 2, 3, 8, 10, 20, 22, 24, 25, 27, 41, 45, 46, 47, 54, 55, 68, 70, 75, 76, 77, 78]",extra_trees,52
Mutilayer Perceptron,True,False,0.9956399593995341,0.9957025953912645,0.9956399593995341,0.9956396597978294,"[1, 2, 3, 8, 9, 10, 19, 20, 22, 23, 24, 27, 32, 41, 45, 46, 47, 64, 68, 70, 75, 76, 77, 78]",extra_trees,52
Mutilayer Perceptron,False,True,0.995360005499017,0.9954021449864817,0.995360005499017,0.9953598687512453,"[1, 2, 3, 20, 22, 24, 25, 45, 46, 47, 53, 55, 64, 68, 70, 75, 76, 77, 78]",extra_trees,52
Mutilayer Perceptron,False,False,0.999969999999994,0.9999700029996221,0.999969999999994,0.9999699999998769,"[1, 2, 3, 8, 20, 22, 25, 41, 42, 45, 46, 47, 64, 68, 70, 75, 76, 77]",extra_trees,52
AdaBoost,True,True,0.9999799997999981,0.9999800021996861,0.9999799997999981,0.99997999979989,"[1, 2, 3, 19, 20, 22, 23, 24, 41, 45, 46, 54, 55, 64, 68, 70, 75, 76, 77, 78]",extra_trees,52
AdaBoost,True,False,0.9999500009999801,0.9999500063981444,0.9999500009999801,0.9999500009995751,"[1, 2, 3, 18, 20, 22, 25, 41, 42, 45, 46, 47, 64, 68, 70, 75, 76, 77, 78]",extra_trees,52
AdaBoost,False,True,0.9772998020974389,0.9773796257931388,0.9772998020974389,0.9772982850791397,"[1, 2, 3, 8, 10, 20, 22, 23, 24, 25, 27, 42, 45, 46, 47, 67, 68, 70, 75, 76, 77, 78]",extra_trees,52
AdaBoost,False,False,0.999990000199996,0.999990000799936,0.999990000199996,0.999990000199987,"[1, 2, 3, 8, 10, 12, 20, 22, 25, 27, 41, 45, 46, 47, 54, 55, 64, 68, 70, 75, 76, 77, 78]",extra_trees,52
Logistic Regression,True,True,0.994299959199268,0.9943682543603755,0.994299959199268,0.9942996800204257,"[1, 2, 3, 8, 20, 22, 23, 24, 25, 27, 41, 45, 46, 47, 53, 54, 64, 68, 70, 75, 76, 77]",extra_trees,52
Logistic Regression,True,False,0.993200002798612,0.9932906142315,0.993200002798612,0.9931996140808076,"[1, 2, 3, 8, 10, 19, 22, 25, 41, 45, 46, 47, 53, 55, 64, 68, 70, 75, 76, 77, 78]",extra_trees,52
Logistic Regression,False,True,0.9926299961985641,0.9926893207212425,0.9926299961985641,0.9926297158320952,"[1, 2, 3, 8, 10, 19, 20, 22, 24, 25, 27, 41, 45, 46, 47, 53, 54, 63, 64, 68, 70, 75, 76, 77, 78]",extra_trees,52
Logistic Regression,False,False,0.9996699972999611,0.999670300001101,0.9996699972999611,0.9996699972246287,"[1, 2, 3, 10, 19, 20, 22, 23, 25, 41, 45, 46, 47, 55, 63, 68, 70, 75, 76, 77, 78]",extra_trees,52
KNN,True,True,0.999820001799946,0.9998201097276368,0.999820001799946,0.9998200017827749,"[1, 2, 3, 8, 10, 12, 18, 20, 22, 23, 25, 27, 41, 42, 45, 46, 47, 53, 55, 64, 68, 70, 75, 76, 77, 78]",extra_trees,57
KNN,True,False,0.98741994739801,0.9877429136679533,0.98741994739801,0.9874173408638055,"[1, 2, 3, 19, 22, 24, 25, 41, 45, 46, 47, 68, 70, 75, 76, 77, 78]",extra_trees,57
KNN,False,True,0.986130026296963,0.9864988712962116,0.986130026296963,0.9861271857373524,"[1, 2, 3, 10, 20, 22, 23, 24, 25, 27, 41, 45, 46, 47, 53, 64, 67, 68, 70, 75, 76, 77, 78]",extra_trees,57
KNN,False,False,0.999959999899993,0.9999600034995791,0.999959999899993,0.999959999899858,"[1, 2, 3, 8, 20, 22, 23, 25, 45, 46, 47, 55, 56, 64, 67, 68, 70, 75, 76, 77, 78]",extra_trees,57
Random Forest,True,True,1.0,1.0,1.0,1.0,"[1, 2, 3, 19, 20, 22, 24, 25, 27, 41, 45, 46, 47, 55, 68, 70, 75, 76, 77, 78]",extra_trees,57
Random Forest,True,False,0.999660002299909,0.9996600730674099,0.999660002299909,0.9996600022916379,"[1, 2, 3, 19, 20, 22, 23, 24, 25, 41, 45, 46, 47, 53, 54, 64, 68, 70, 75, 76, 77, 78]",extra_trees,57
Random Forest,False,True,0.999880000899967,0.9998800404845833,0.999880000899967,0.99988000089643,"[1, 2, 3, 8, 18, 19, 20, 22, 23, 24, 25, 41, 42, 45, 46, 47, 55, 64, 67, 68, 70, 75, 76, 77, 78]",extra_trees,57
Random Forest,False,False,0.999990000199996,0.999990000799936,0.999990000199996,0.999990000199987,"[1, 2, 3, 8, 19, 20, 22, 24, 27, 41, 45, 46, 47, 55, 64, 68, 70, 75, 76, 77, 78]",extra_trees,57
GaussianNB,True,True,0.9995499960999489,0.9995511050336705,0.9995499960999489,0.9995499953676497,"[1, 2, 3, 8, 20, 22, 23, 25, 41, 45, 46, 47, 64, 67, 68, 70, 75, 76, 77, 78]",extra_trees,57
GaussianNB,True,False,0.999689999899939,0.9996900844463421,0.999689999899939,0.9996899998871595,"[1, 2, 3, 8, 18, 19, 22, 23, 24, 25, 41, 45, 46, 47, 55, 64, 68, 70, 75, 76, 77, 78]",extra_trees,57
GaussianNB,False,True,0.9957200183989601,0.9957606960083907,0.9957200183989601,0.9957199111394105,"[1, 2, 3, 8, 18, 19, 20, 22, 23, 25, 41, 45, 46, 47, 55, 63, 64, 68, 70, 75, 76, 77, 78]",extra_trees,57
GaussianNB,False,False,0.999529998299923,0.9995300684516529,0.999529998299923,0.9995299982886375,"[1, 2, 3, 12, 18, 19, 20, 22, 23, 25, 41, 45, 46, 47, 55, 67, 68, 70, 75, 76, 77, 78]",extra_trees,57
Mutilayer Perceptron,True,True,0.9994599948999431,0.9994612096153489,0.9994599948999431,0.9994599940614132,"[1, 2, 3, 8, 18, 19, 20, 22, 23, 25, 41, 45, 46, 47, 64, 68, 70, 75, 76, 77, 78]",extra_trees,57
Mutilayer Perceptron,True,False,0.99561996339949,0.9956782095583646,0.99561996339949,0.9956196956844332,"[1, 2, 3, 8, 10, 18, 20, 22, 23, 25, 27, 41, 45, 46, 47, 53, 68, 70, 75, 76, 77, 78]",extra_trees,57
Mutilayer Perceptron,False,True,0.990810025397908,0.9909651181927845,0.990810025397908,0.9908092383648522,"[1, 2, 3, 8, 10, 20, 22, 24, 25, 27, 41, 45, 46, 47, 55, 64, 68, 70, 75, 76, 77]",extra_trees,57
Mutilayer Perceptron,False,False,0.999959999899993,0.9999600058989072,0.999959999899993,0.9999599998996599,"[0, 1, 2, 3, 8, 10, 20, 22, 23, 25, 41, 42, 45, 46, 47, 55, 63, 64, 68, 70, 75, 76, 77, 78]",extra_trees,57
AdaBoost,True,True,0.99909999099991,0.9991048248490482,0.99909999099991,0.9990999843657615,"[1, 2, 3, 8, 18, 20, 22, 24, 25, 41, 45, 46, 47, 53, 55, 64, 68, 70, 75, 76, 77, 78]",extra_trees,57
AdaBoost,True,False,0.997699982399716,0.9977253079113799,0.997699982399716,0.9976999032922894,"[1, 2, 3, 12, 18, 19, 22, 24, 25, 41, 45, 46, 47, 53, 63, 64, 67, 68, 70, 75, 76, 77, 78]",extra_trees,57
AdaBoost,False,True,0.9801698037979959,0.9802422446395154,0.9801698037979959,0.9801682402880841,"[1, 2, 3, 10, 19, 20, 22, 23, 25, 32, 41, 42, 45, 46, 47, 53, 54, 67, 68, 70, 75, 76, 77, 78]",extra_trees,57
AdaBoost,False,False,0.999990000199996,0.999990000799936,0.999990000199996,0.999990000199987,"[1, 2, 3, 8, 10, 19, 20, 22, 23, 25, 27, 32, 41, 43, 45, 46, 47, 53, 68, 70, 75, 76, 77, 78]",extra_trees,57
Logistic Regression,True,True,0.997550005799452,0.9975567796642006,0.997550005799452,0.9975499960258917,"[1, 2, 3, 8, 20, 22, 24, 25, 27, 41, 42, 45, 46, 47, 54, 55, 68, 70, 75, 76, 77, 78]",extra_trees,57
Logistic Regression,True,False,0.9894199652982311,0.9897253917306443,0.9894199652982311,0.9894168992273631,"[1, 2, 3, 8, 18, 19, 20, 22, 24, 25, 27, 41, 42, 45, 46, 47, 64, 68, 70, 75, 76, 77, 78]",extra_trees,57
Logistic Regression,False,True,0.9544200550903331,0.9578439025166,0.9544200550903331,0.9543324530784346,"[1, 2, 3, 8, 19, 20, 22, 24, 25, 27, 32, 41, 45, 46, 47, 54, 64, 67, 68, 70, 75, 76, 77, 78]",extra_trees,57
Logistic Regression,False,False,0.9996799976999591,0.9996802578687684,0.9996799976999591,0.9996799976414662,"[1, 2, 3, 8, 19, 22, 23, 25, 41, 42, 45, 46, 47, 68, 70, 75, 76, 77, 78]",extra_trees,57
KNN,True,True,0.997910005499527,0.9979233485085289,0.997910005499527,0.9979099832900887,"[1, 2, 3, 8, 20, 22, 23, 25, 41, 45, 46, 47, 64, 68, 70, 75, 76, 77, 78]",extra_trees,62
KNN,True,False,0.9746701096938372,0.9760042268038767,0.9746701096938372,0.9746476983076945,"[1, 2, 3, 8, 18, 20, 22, 23, 25, 27, 41, 45, 46, 47, 53, 55, 64, 68, 70, 75, 76, 77, 78]",extra_trees,62
KNN,False,True,0.9874700438970551,0.9877515894749713,0.9874700438970551,0.9874679270597984,"[1, 2, 3, 8, 10, 19, 22, 23, 25, 41, 45, 46, 47, 55, 68, 70, 75, 76, 77, 78]",extra_trees,62
KNN,False,False,0.999969999999994,0.9999700017998502,0.999969999999994,0.9999699999999488,"[1, 2, 3, 19, 20, 22, 24, 25, 41, 42, 45, 46, 47, 55, 64, 67, 68, 70, 75, 76, 77, 78]",extra_trees,62
Random Forest,True,True,1.0,1.0,1.0,1.0,"[1, 2, 3, 8, 19, 20, 22, 25, 41, 45, 46, 47, 55, 67, 68, 70, 75, 76, 77, 78]",extra_trees,62
Random Forest,True,False,0.999820000899955,0.9998200980479807,0.999820000899955,0.9998200008875622,"[1, 2, 3, 8, 10, 20, 22, 24, 25, 27, 41, 42, 45, 46, 47, 68, 70, 75, 76, 77, 78]",extra_trees,62
Random Forest,False,True,0.999970000299991,0.9999700032995652,0.999970000299991,0.9999700002999009,"[1, 2, 3, 10, 18, 20, 22, 23, 25, 45, 46, 47, 64, 67, 68, 70, 75, 76, 77, 78]",extra_trees,62
Random Forest,False,False,0.999990000199996,0.999990000799936,0.999990000199996,0.999990000199987,"[1, 2, 3, 8, 10, 22, 23, 24, 25, 27, 41, 45, 46, 47, 55, 68, 70, 75, 76, 77, 78]",extra_trees,62
GaussianNB,True,True,0.9984700293994,0.9984832410408618,0.9984700293994,0.9984699996286185,"[1, 2, 3, 8, 19, 20, 22, 23, 24, 25, 27, 42, 45, 46, 47, 53, 68, 70, 75, 76, 77, 78]",extra_trees,62
GaussianNB,True,False,0.999580001799898,0.9995800329797886,0.999580001799898,0.9995800017948578,"[1, 2, 3, 8, 20, 22, 24, 25, 45, 46, 47, 53, 55, 68, 70, 75, 76, 77, 78]",extra_trees,62
GaussianNB,False,True,0.9912599332989189,0.9914940116515059,0.9912599332989189,0.9912579533150785,"[0, 1, 2, 3, 8, 20, 22, 23, 24, 41, 43, 45, 46, 47, 53, 54, 64, 67, 68, 70, 75, 76, 77, 78]",extra_trees,62
GaussianNB,False,False,0.997869981699757,0.9978790020409942,0.997869981699757,0.9978699679360367,"[1, 2, 3, 8, 12, 19, 20, 22, 23, 24, 25, 27, 45, 46, 47, 64, 68, 70, 75, 76, 77, 78]",extra_trees,62
Mutilayer Perceptron,True,True,0.9996199985999379,0.9996205412984395,0.9996199985999379,0.9996199983682352,"[1, 2, 3, 8, 10, 11, 19, 20, 22, 23, 24, 25, 27, 41, 42, 45, 46, 47, 68, 70, 75, 76, 77, 78]",extra_trees,62
Mutilayer Perceptron,True,False,0.995319960999454,0.995381347373014,0.995319960999454,0.9953196856450033,"[1, 2, 3, 10, 20, 22, 24, 25, 41, 45, 46, 47, 64, 68, 70, 75, 76, 77, 78]",extra_trees,62
Mutilayer Perceptron,False,True,0.996149977699453,0.9961782830449911,0.996149977699453,0.9961499090001681,"[1, 2, 3, 8, 11, 18, 20, 22, 23, 25, 27, 41, 42, 45, 46, 47, 64, 68, 70, 75, 76, 77, 78]",extra_trees,62
Mutilayer Perceptron,False,False,0.999959999899993,0.9999600034995791,0.999959999899993,0.999959999899858,"[1, 2, 3, 10, 19, 20, 22, 23, 25, 45, 46, 47, 53, 55, 68, 70, 75, 76, 77, 78]",extra_trees,62
AdaBoost,True,True,0.999990000199996,0.999990000799936,0.999990000199996,0.999990000199987,"[1, 2, 3, 8, 19, 20, 22, 23, 25, 27, 41, 45, 46, 47, 53, 64, 67, 68, 70, 75, 76, 77, 78]",extra_trees,62
AdaBoost,True,False,0.999750000499945,0.9997501306297777,0.999750000499945,0.9997500004828453,"[1, 2, 3, 10, 19, 20, 22, 23, 25, 27, 41, 42, 45, 46, 47, 55, 64, 68, 70, 75, 76, 77, 78]",extra_trees,62
AdaBoost,False,True,0.991069910999104,0.9914551845232239,0.991069910999104,0.9910646112754128,"[1, 2, 3, 20, 22, 23, 24, 25, 41, 45, 46, 47, 54, 63, 68, 70, 75, 76, 77, 78]",extra_trees,62
AdaBoost,False,False,0.999990000199996,0.999990000799936,0.999990000199996,0.999990000199987,"[1, 2, 3, 8, 10, 18, 19, 20, 21, 22, 23, 24, 25, 27, 41, 42, 45, 46, 47, 53, 55, 68, 70, 75, 76, 77, 78]",extra_trees,62
Logistic Regression,True,True,0.997529982199684,0.9975323272006316,0.997529982199684,0.997529977839378,"[0, 1, 2, 3, 22, 24, 25, 27, 41, 45, 46, 47, 53, 54, 55, 68, 70, 75, 76, 77, 78]",extra_trees,62
Logistic Regression,True,False,0.9931000017986021,0.9931942861565052,0.9931000017986021,0.9930995856602746,"[1, 2, 3, 8, 20, 22, 23, 25, 41, 42, 45, 46, 47, 64, 68, 70, 75, 76, 77]",extra_trees,62
Logistic Regression,False,True,0.9652801210918452,0.9675562085693166,0.9652801210918452,0.9652315784972582,"[1, 2, 3, 10, 18, 19, 20, 22, 23, 24, 25, 27, 41, 45, 46, 47, 67, 68, 70, 75, 76, 77, 78]",extra_trees,62
Logistic Regression,False,False,0.99996000019999,0.9999600025996781,0.99996000019999,0.999960000199882,"[1, 2, 3, 19, 22, 23, 24, 25, 27, 41, 45, 46, 47, 53, 55, 63, 68, 70, 75, 76, 77, 78]",extra_trees,62
KNN,True,True,0.9982099991996501,0.9982166234639108,0.9982099991996501,0.9982099927708173,"[1, 2, 3, 22, 23, 24, 25, 41, 45, 46, 47, 53, 55, 64, 68, 70, 75, 76, 77, 78]",extra_trees,67
KNN,True,False,0.988069952698087,0.9884482179606326,0.988069952698087,0.9880657341741726,"[1, 2, 3, 12, 18, 19, 20, 22, 23, 25, 27, 45, 46, 47, 55, 68, 70, 75, 76, 77, 78]",extra_trees,67
KNN,False,True,0.9805600062960491,0.981239008884434,0.9805600062960491,0.9805527492278602,"[1, 2, 3, 10, 18, 19, 22, 25, 27, 41, 45, 46, 47, 68, 70, 75, 76, 77, 78]",extra_trees,67
KNN,False,False,0.9999499997999921,0.9999500051994521,0.9999499997999921,0.999949999799839,"[1, 2, 3, 8, 10, 12, 18, 19, 20, 22, 23, 24, 25, 27, 41, 45, 46, 47, 55, 68, 70, 75, 76, 77, 78]",extra_trees,67
Random Forest,True,True,1.0,1.0,1.0,1.0,"[1, 2, 3, 19, 22, 25, 27, 41, 45, 46, 47, 55, 64, 67, 68, 70, 75, 76, 77, 78]",extra_trees,67
Random Forest,True,False,0.999760000299949,0.9997601190399857,0.999760000299949,0.9997600002852881,"[1, 2, 3, 10, 18, 20, 22, 23, 24, 25, 27, 41, 45, 46, 47, 55, 68, 70, 75, 76, 77, 78]",extra_trees,67
Random Forest,False,True,0.994559947999432,0.9947257788091554,0.994559947999432,0.9945585797104967,"[1, 2, 3, 12, 19, 20, 22, 23, 24, 25, 32, 41, 42, 45, 46, 47, 53, 55, 68, 70, 75, 76, 77, 78]",extra_trees,67
Random Forest,False,False,0.999990000199996,0.999990000799936,0.999990000199996,0.999990000199987,"[1, 2, 3, 8, 12, 20, 22, 25, 27, 41, 42, 43, 45, 46, 47, 64, 68, 70, 75, 76, 77, 78]",extra_trees,67
GaussianNB,True,True,0.9996699993999401,0.999670239806417,0.9996699993999401,0.9996699993501781,"[1, 2, 3, 8, 12, 18, 19, 20, 22, 23, 24, 25, 27, 41, 45, 46, 47, 67, 68, 70, 75, 76, 77, 78]",extra_trees,67
GaussianNB,True,False,0.9993099990998711,0.9993101075384004,0.9993099990998711,0.9993099990585418,"[1, 2, 3, 18, 20, 22, 24, 25, 27, 41, 45, 46, 47, 63, 64, 68, 70, 75, 76, 77, 78]",extra_trees,67
GaussianNB,False,True,0.989339979198076,0.9895768929577508,0.989339979198076,0.989338505196962,"[1, 2, 3, 10, 18, 19, 20, 22, 23, 25, 41, 45, 46, 47, 64, 67, 68, 70, 75, 76, 77, 78]",extra_trees,67
GaussianNB,False,False,0.997719980199742,0.9977306929160955,0.997719980199742,0.9977199624522131,"[1, 2, 3, 8, 10, 22, 23, 24, 27, 41, 45, 46, 47, 54, 55, 64, 68, 70, 75, 76, 77, 78]",extra_trees,67
Mutilayer Perceptron,True,True,0.999529995899947,0.9995304660480643,0.999529995899947,0.9995299956804301,"[1, 2, 3, 8, 19, 20, 22, 24, 41, 42, 45, 46, 47, 64, 67, 68, 70, 75, 76, 77, 78]",extra_trees,67
Mutilayer Perceptron,True,False,0.9864000832964471,0.9868470698208279,0.9864000832964471,0.986395503307706,"[1, 2, 3, 8, 12, 18, 19, 20, 22, 23, 25, 27, 41, 45, 46, 47, 53, 54, 68, 70, 75, 76, 77, 78]",extra_trees,67
Mutilayer Perceptron,False,True,0.9956499927992021,0.9956871080606593,0.9956499927992021,0.9956498728052997,"[1, 2, 3, 8, 10, 14, 20, 22, 41, 43, 45, 46, 47, 55, 68, 70, 75, 76, 77, 78]",extra_trees,67
Mutilayer Perceptron,False,False,0.999980000099995,0.9999800012998931,0.999980000099995,0.9999800000999679,"[1, 2, 3, 8, 12, 18, 22, 23, 24, 25, 27, 40, 41, 43, 45, 46, 47, 55, 64, 68, 70, 75, 76, 77, 78]",extra_trees,67
AdaBoost,True,True,1.0,1.0,1.0,1.0,"[1, 2, 3, 8, 19, 20, 21, 22, 23, 25, 41, 45, 46, 47, 63, 64, 67, 68, 70, 75, 76, 77, 78]",extra_trees,67
AdaBoost,True,False,0.999880001799958,0.9998800641612698,0.999880001799958,0.9998800017908506,"[1, 2, 3, 8, 20, 22, 25, 27, 41, 45, 46, 47, 54, 64, 67, 68, 70, 75, 76, 77, 78]",extra_trees,67
AdaBoost,False,True,0.975889777197406,0.9765182500996689,0.975889777197406,0.9758787509193327,"[1, 2, 3, 8, 10, 19, 20, 22, 24, 25, 27, 41, 42, 45, 46, 47, 54, 68, 70, 75, 76, 77, 78]",extra_trees,67
AdaBoost,False,False,0.999990000199996,0.999990000799936,0.999990000199996,0.999990000199987,"[1, 2, 3, 11, 18, 19, 20, 22, 24, 25, 27, 32, 41, 45, 46, 47, 53, 64, 68, 70, 75, 76, 77, 78]",extra_trees,67
Logistic Regression,True,True,0.997610013899383,0.9976143076393038,0.997610013899383,0.9976100095653662,"[1, 2, 3, 20, 22, 24, 25, 27, 32, 41, 45, 46, 47, 64, 67, 68, 70, 75, 76, 77, 78]",extra_trees,67
Logistic Regression,True,False,0.9950899754992629,0.9951511263996752,0.9950899754992629,0.9950896962151451,"[0, 1, 2, 3, 8, 20, 22, 23, 24, 25, 32, 41, 42, 45, 46, 47, 53, 68, 70, 75, 76, 77, 78]",extra_trees,67
Logistic Regression,False,True,0.99229001379832,0.9922995742142215,0.99229001379832,0.9922899702538414,"[1, 2, 3, 8, 12, 20, 22, 25, 27, 41, 45, 46, 47, 64, 68, 70, 75, 76, 77, 78]",extra_trees,67
Logistic Regression,False,False,0.999679997399962,0.9996802719518866,0.999679997399962,0.9996799973370502,"[1, 2, 3, 8, 10, 18, 19, 20, 22, 25, 27, 41, 45, 46, 47, 63, 64, 68, 70, 75, 76, 77, 78]",extra_trees,67
KNN,True,True,0.996979972499671,0.997015772197048,0.996979972499671,0.9969798472202047,"[1, 2, 3, 10, 18, 19, 20, 22, 27, 41, 45, 46, 47, 64, 68, 70, 75, 76, 77, 78]",extra_trees,72
KNN,True,False,0.9834800558961371,0.9840198877736013,0.9834800558961371,0.9834746787931413,"[1, 2, 3, 18, 19, 22, 24, 41, 42, 45, 46, 47, 53, 55, 64, 68, 70, 75, 76, 77]",extra_trees,72
KNN,False,True,0.9785200563951401,0.9794285484000561,0.9785200563951401,0.9785091020579032,"[1, 2, 3, 8, 18, 19, 20, 22, 25, 27, 41, 45, 46, 47, 53, 55, 64, 68, 70, 75, 76, 77, 78]",extra_trees,72
KNN,False,False,0.9999499997999921,0.9999500051994521,0.9999499997999921,0.999949999799839,"[1, 2, 3, 18, 19, 20, 22, 23, 25, 41, 45, 46, 47, 64, 68, 70, 75, 76, 77, 78]",extra_trees,72
Random Forest,True,True,1.0,1.0,1.0,1.0,"[0, 1, 2, 3, 8, 20, 22, 25, 27, 41, 45, 46, 47, 54, 63, 64, 68, 70, 75, 76, 77]",extra_trees,72
Random Forest,True,False,0.999760000299949,0.9997601190399857,0.999760000299949,0.9997600002852881,"[1, 2, 3, 8, 10, 19, 22, 23, 24, 25, 41, 45, 46, 47, 64, 67, 68, 70, 75, 76, 77, 78]",extra_trees,72
Random Forest,False,True,0.999280008999766,0.9992819470797021,0.999280008999766,0.9992800075330979,"[1, 2, 3, 8, 10, 20, 22, 25, 41, 45, 46, 47, 68, 70, 75, 76, 77, 78]",extra_trees,72
Random Forest,False,False,0.999990000199996,0.999990000799936,0.999990000199996,0.999990000199987,"[1, 2, 3, 8, 18, 20, 22, 25, 40, 41, 42, 43, 45, 46, 47, 55, 64, 68, 70, 75, 76, 77, 78]",extra_trees,72
GaussianNB,True,True,0.999939999699991,0.9999400080989173,0.999939999699991,0.9999399996997119,"[1, 2, 3, 8, 10, 12, 18, 22, 23, 25, 27, 41, 45, 46, 47, 55, 56, 64, 67, 68, 70, 75, 76, 77, 78]",extra_trees,72
GaussianNB,True,False,0.9995100010998911,0.9995100064958411,0.9995100010998911,0.9995100010987029,"[1, 2, 3, 8, 18, 19, 20, 22, 24, 25, 27, 45, 46, 47, 53, 64, 68, 70, 75, 76, 77, 78]",extra_trees,72
GaussianNB,False,True,0.990599959398526,0.9907908668659561,0.990599959398526,0.9905988805835516,"[1, 2, 3, 8, 20, 22, 23, 24, 25, 27, 42, 45, 46, 47, 64, 68, 70, 75, 76, 77, 78]",extra_trees,72
GaussianNB,False,False,0.9981199841997821,0.9981264157863614,0.9981199841997821,0.9981199756372447,"[1, 2, 3, 14, 19, 20, 22, 25, 41, 45, 46, 47, 53, 55, 64, 68, 70, 75, 76, 77]",extra_trees,72
Mutilayer Perceptron,True,True,0.99822998259982,0.9982471461748501,0.99822998259982,0.9982299370735911,"[1, 2, 3, 8, 10, 19, 20, 22, 23, 24, 27, 45, 46, 47, 53, 64, 67, 68, 70, 75, 76, 77, 78]",extra_trees,72
Mutilayer Perceptron,True,False,0.995700027798862,0.9957357266782944,0.995700027798862,0.9956999167542886,"[1, 2, 3, 8, 9, 10, 19, 20, 22, 23, 25, 41, 45, 46, 47, 64, 67, 68, 70, 75, 76, 77, 78]",extra_trees,72
Mutilayer Perceptron,False,True,0.9977100025995159,0.997712074553569,0.9977100025995159,0.9977100002250717,"[1, 2, 3, 19, 22, 24, 41, 45, 46, 47, 55, 64, 68, 70, 75, 76, 77, 78]",extra_trees,72
Mutilayer Perceptron,False,False,0.999939999699991,0.9999400032995771,0.999939999699991,0.999939999699874,"[1, 2, 3, 8, 10, 20, 22, 23, 25, 27, 41, 45, 46, 47, 55, 63, 67, 68, 70, 75, 76, 77, 78]",extra_trees,72
AdaBoost,True,True,1.0,1.0,1.0,1.0,"[1, 2, 3, 8, 12, 20, 22, 24, 25, 41, 42, 45, 46, 47, 53, 55, 64, 68, 70, 75, 76, 77, 78]",extra_trees,72
AdaBoost,True,False,0.9996500021999081,0.9996500627703861,0.9996500021999081,0.9996500021924288,"[1, 2, 3, 8, 19, 22, 23, 24, 25, 27, 41, 45, 46, 47, 53, 63, 68, 70, 75, 76, 77, 78]",extra_trees,72
AdaBoost,False,True,0.965869660496569,0.9663246411621005,0.965869660496569,0.9658598260556267,"[1, 2, 3, 12, 20, 22, 23, 25, 27, 41, 45, 46, 47, 54, 67, 68, 70, 75, 76, 77, 78]",extra_trees,72
AdaBoost,False,False,0.999990000199996,0.999990000799936,0.999990000199996,0.999990000199987,"[1, 2, 3, 10, 19, 20, 22, 24, 25, 41, 42, 45, 46, 47, 53, 55, 68, 70, 75, 76, 77, 78]",extra_trees,72
Logistic Regression,True,True,0.997099994399476,0.9971170167123362,0.997099994399476,0.9970999434036871,"[1, 2, 3, 8, 19, 20, 22, 23, 25, 27, 41, 42, 45, 46, 47, 53, 64, 68, 70, 75, 76, 77, 78]",extra_trees,72
Logistic Regression,True,False,0.995300024398816,0.9953403024278865,0.995300024398816,0.9952999012022211,"[1, 2, 3, 18, 19, 22, 24, 25, 41, 42, 45, 46, 47, 55, 64, 68, 70, 75, 76, 77, 78]",extra_trees,72
Logistic Regression,False,True,0.989860017097801,0.9898732654469526,0.989860017097801,0.9898599682830841,"[1, 2, 3, 19, 20, 22, 25, 41, 45, 46, 47, 54, 55, 63, 68, 70, 75, 76, 77, 78]",extra_trees,72
Logistic Regression,False,False,0.9996699975999581,0.9996702727517507,0.9996699975999581,0.9996699975370191,"[1, 2, 3, 10, 19, 20, 22, 23, 25, 27, 41, 42, 45, 46, 47, 54, 68, 70, 75, 76, 77, 78]",extra_trees,72
KNN,True,True,0.9982800166994891,0.9982886713662725,0.9982800166994891,0.9982800032499376,"[1, 2, 3, 19, 20, 22, 25, 41, 45, 46, 47, 53, 55, 63, 64, 68, 70, 75, 76, 77, 78]",extra_trees,77
KNN,True,False,0.977980039295203,0.9789290208604249,0.977980039295203,0.9779676777434568,"[1, 2, 3, 10, 19, 20, 22, 25, 27, 41, 45, 46, 47, 53, 55, 64, 68, 70, 75, 76, 77, 78]",extra_trees,77
KNN,False,True,0.981649918797142,0.9823604189870124,0.981649918797142,0.9816419616419795,"[1, 2, 3, 8, 10, 19, 20, 22, 23, 24, 25, 41, 42, 45, 46, 47, 53, 55, 66, 68, 70, 75, 76, 77, 78]",extra_trees,77
KNN,False,False,0.9999499997999921,0.9999500027996202,0.9999499997999921,0.999949999799875,"[1, 2, 3, 8, 20, 22, 23, 24, 25, 27, 41, 45, 46, 47, 64, 67, 68, 70, 75, 76, 77, 78]",extra_trees,77
Random Forest,True,True,1.0,1.0,1.0,1.0,"[1, 2, 3, 8, 10, 12, 19, 20, 22, 23, 24, 25, 32, 41, 45, 46, 47, 55, 64, 68, 70, 75, 76, 77, 78]",extra_trees,77
Random Forest,True,False,0.999760000299949,0.9997601190399857,0.999760000299949,0.9997600002852881,"[1, 2, 3, 10, 20, 22, 25, 41, 42, 45, 46, 47, 54, 64, 67, 68, 70, 75, 76, 77, 78]",extra_trees,77
Random Forest,False,True,0.9971000297991219,0.9971261977700135,0.9971000297991219,0.9970999586221395,"[1, 2, 3, 8, 19, 20, 22, 23, 24, 25, 27, 41, 43, 45, 46, 47, 55, 68, 70, 75, 76, 77, 78]",extra_trees,77
Random Forest,False,False,0.999990000199996,0.999990000799936,0.999990000199996,0.999990000199987,"[1, 2, 3, 8, 19, 22, 25, 27, 41, 42, 45, 46, 47, 68, 70, 75, 76, 77, 78]",extra_trees,77
GaussianNB,True,True,0.999289994399914,0.9992920591586637,0.999289994399914,0.9992899926084137,"[1, 2, 3, 8, 10, 18, 19, 20, 22, 24, 25, 32, 41, 45, 46, 47, 54, 67, 68, 70, 75, 76, 77, 78]",extra_trees,77
GaussianNB,True,False,0.9996200003999199,0.9996200423666369,0.9996200003999199,0.9996200003918562,"[1, 2, 3, 10, 18, 20, 22, 23, 24, 25, 27, 41, 45, 46, 47, 53, 54, 64, 68, 70, 75, 76, 77, 78]",extra_trees,77
GaussianNB,False,True,0.9935299505992,0.9936349654542718,0.9935299505992,0.9935294774479656,"[1, 2, 3, 8, 12, 18, 19, 20, 22, 25, 40, 41, 45, 46, 47, 53, 55, 68, 70, 75, 76, 77]",extra_trees,77
GaussianNB,False,False,0.999559998599926,0.9995600597602777,0.999559998599926,0.9995599985905846,"[1, 2, 3, 8, 19, 20, 22, 24, 25, 45, 46, 47, 55, 63, 67, 68, 70, 75, 76, 77, 78]",extra_trees,77
Mutilayer Perceptron,True,True,0.9994900008998892,0.999490442608622,0.9994900008998892,0.9994900007765737,"[1, 2, 3, 8, 12, 20, 22, 23, 24, 25, 27, 41, 42, 45, 46, 47, 63, 68, 70, 75, 76, 77, 78]",extra_trees,77
Mutilayer Perceptron,True,False,0.9802600218958331,0.9809832487813749,0.9802600218958331,0.9802523657497542,"[1, 2, 3, 8, 9, 18, 20, 22, 23, 24, 25, 27, 41, 45, 46, 47, 53, 64, 67, 68, 70, 75, 76, 77, 78]",extra_trees,77
Mutilayer Perceptron,False,True,0.9947899988989691,0.9948377464583866,0.9947899988989691,0.9947898244527348,"[1, 2, 3, 8, 22, 23, 24, 25, 27, 41, 45, 46, 47, 54, 64, 68, 70, 75, 76, 77, 78]",extra_trees,77
Mutilayer Perceptron,False,False,0.999980000099995,0.9999800012998931,0.999980000099995,0.9999800000999679,"[1, 2, 3, 8, 18, 19, 20, 22, 25, 27, 41, 42, 45, 46, 47, 53, 64, 68, 70, 75, 76, 77, 78]",extra_trees,77
AdaBoost,True,True,1.0,1.0,1.0,1.0,"[1, 2, 3, 8, 18, 20, 22, 24, 25, 27, 41, 42, 45, 46, 47, 53, 54, 64, 68, 70, 75, 76, 77, 78]",extra_trees,77
AdaBoost,True,False,0.996089966899549,0.9961602722387353,0.996089966899549,0.9960895735201166,"[1, 2, 3, 10, 18, 20, 22, 23, 24, 25, 27, 41, 45, 46, 47, 53, 64, 68, 70, 75, 76, 77, 78]",extra_trees,77
AdaBoost,False,True,0.9668496687966819,0.967418699381584,0.9668496687966819,0.9668210300357004,"[1, 2, 3, 8, 19, 20, 22, 23, 24, 25, 27, 41, 45, 46, 47, 68, 70, 75, 76, 77, 78]",extra_trees,77
AdaBoost,False,False,0.999990000199996,0.999990000799936,0.999990000199996,0.999990000199987,"[1, 2, 3, 8, 20, 22, 24, 25, 41, 43, 45, 46, 47, 55, 68, 70, 75, 76, 77, 78]",extra_trees,77
Logistic Regression,True,True,0.9980199951996521,0.998023344470091,0.9980199951996521,0.9980199912924231,"[1, 2, 3, 10, 18, 19, 20, 22, 23, 24, 41, 45, 46, 47, 64, 66, 70, 75, 76, 77, 78]",extra_trees,77
Logistic Regression,True,False,0.9889701089967041,0.9893171745517152,0.9889701089967041,0.9889665089504135,"[1, 2, 3, 8, 18, 19, 20, 22, 25, 41, 45, 46, 47, 55, 68, 70, 75, 76, 77, 78]",extra_trees,77
Logistic Regression,False,True,0.9691300461933642,0.970930211165716,0.9691300461933642,0.9690967827994998,"[1, 2, 3, 8, 10, 19, 20, 22, 24, 25, 27, 41, 45, 46, 47, 55, 64, 67, 68, 70, 75, 76, 77, 78]",extra_trees,77
Logistic Regression,False,False,0.999669996999964,0.9996703057091336,0.999669996999964,0.9996699969259367,"[1, 2, 3, 8, 18, 20, 22, 24, 25, 27, 42, 45, 46, 47, 55, 64, 68, 70, 75, 76, 77, 78]",extra_trees,77
